device_name,wind_direction_degrees,yaw_offset_degrees,dependent_device_name
T01,0,0,
T01,1,0,
T01,2,0,
T01,3,0,
T01,4,0,
T01,5,0,
T01,6,0,
T01,7,0,
T01,8,0,
T01,9,0,
T01,10,0,
T01,11,0,
T01,12,0,
T01,13,0,
T01,14,0,
T01,15,0,
T01,16,0,
T01,17,0,
T01,18,0,
T01,19,0,
T01,20,0,
T01,21,0,
T01,22,0,
T01,23,0,
T01,24,0,
T01,25,0,
T01,26,0,
T01,27,0,
T01,28,0,
T01,29,0,
T01,30,0,
T01,31,0,
T01,32,0,
T01,33,0,
T01,34,0,
T01,35,0,
T01,36,0,
T01,37,0,
T01,38,0,
T01,39,0,
T01,40,0,
T01,41,0,
T01,42,0,
T01,43,0,
T01,44,0,
T01,45,0,
T01,46,0,
T01,47,0,
T01,48,0,
T01,49,0,
T01,50,0,
T01,51,0,
T01,52,0,
T01,53,0,
T01,54,0,
T01,55,0,
T01,56,0,
T01,57,0,
T01,58,0,
T01,59,0,
T01,60,0,
T01,61,0,
T01,62,0,
T01,63,0,
T01,64,0,
T01,65,0,
T01,66,0,
T01,67,0,
T01,68,0,
T01,69,0,
T01,70,0,
T01,71,0,
T01,72,0,
T01,73,0,
T01,74,0,
T01,75,0,
T01,76,0,
T01,77,0,
T01,78,0,
T01,79,0,
T01,80,0,
T01,81,0,
T01,82,0,
T01,83,0,
T01,84,0,
T01,85,0,
T01,86,0,
T01,87,0,
T01,88,0,
T01,89,0,
T01,90,0,
T01,91,0,
T01,92,0,
T01,93,0,
T01,94,0,
T01,95,0,
T01,96,0,
T01,97,0,
T01,98,0,
T01,99,0,
T01,100,0,
T01,101,0,
T01,102,0,
T01,103,0,
T01,104,0,
T01,105,0,
T01,106,0,
T01,107,0,
T01,108,0,
T01,109,0,
T01,110,0,
T01,111,0,
T01,112,0,
T01,113,0,
T01,114,0,
T01,115,0,
T01,116,0,
T01,117,0,
T01,118,0,
T01,119,0,
T01,120,0,
T01,121,0,
T01,122,0,
T01,123,0,
T01,124,0,
T01,125,0,
T01,126,0,
T01,127,0,
T01,128,0,
T01,129,0,
T01,130,0,
T01,131,0,
T01,132,0,
T01,133,0,
T01,134,0,
T01,135,0,
T01,136,0,
T01,137,0,
T01,138,0,
T01,139,0,
T01,140,0,
T01,141,0,
T01,142,0,
T01,143,0,
T01,144,0,
T01,145,0,
T01,146,0,
T01,147,0,
T01,148,0,
T01,149,0,
T01,150,0,
T01,151,0,
T01,152,0,
T01,153,0,
T01,154,0,
T01,155,0,
T01,156,0,
T01,157,0,
T01,158,0,
T01,159,0,
T01,160,0,
T01,161,0,
T01,162,0,
T01,163,0,
T01,164,0,
T01,165,0,
T01,166,0,
T01,167,0,
T01,168,0,
T01,169,0,
T01,170,0,
T01,171,0,
T01,172,0,
T01,173,0,
T01,174,0,
T01,175,0,
T01,176,0,
T01,177,0,
T01,178,0,
T01,179,0,
T01,180,0,
T01,181,0,
T01,182,0,
T01,183,0,
T01,184,0,
T01,185,0,
T01,186,0,
T01,187,0,
T01,188,0,
T01,189,0,
T01,190,0,
T01,191,0,
T01,192,0,
T01,193,0,
T01,194,0,
T01,195,0,
T01,196,0,
T01,197,0,
T01,198,0,
T01,199,0,
T01,200,0,
T01,201,0,
T01,202,0,
T01,203,0,
T01,204,0,
T01,205,0,
T01,206,0,
T01,207,0,
T01,208,0,
T01,209,0,
T01,210,0,
T01,211,0,
T01,212,0,
T01,213,0,
T01,214,0,
T01,215,0,
T01,216,0,
T01,217,0,
T01,218,0,
T01,219,0,
T01,220,0,
T01,221,0,
T01,222,0,
T01,223,0,
T01,224,0,
T01,225,0,
T01,226,0,
T01,227,0,
T01,228,0,
T01,229,0,
T01,230,0,
T01,231,0,
T01,232,0,
T01,233,0,
T01,234,0,
T01,235,0,
T01,236,0,
T01,237,0,
T01,238,0,
T01,239,0,
T01,240,0,
T01,241,0,
T01,242,0,
T01,243,0,
T01,244,0,
T01,245,0,
T01,246,0,
T01,247,0,
T01,248,0,
T01,249,0,
T01,250,0,
T01,251,0,
T01,252,0,
T01,253,0,
T01,254,0,
T01,255,0,
T01,256,0,
T01,257,0,
T01,258,0,
T01,259,0,
T01,260,0,
T01,261,0,
T01,262,0,
T01,263,0,
T01,264,0,
T01,265,0,
T01,266,0,
T01,267,0,
T01,268,0,
T01,269,0,
T01,270,0,
T01,271,0,
T01,272,0,
T01,273,0,
T01,274,0,
T01,275,0,
T01,276,0,
T01,277,0,
T01,278,0,
T01,279,0,
T01,280,0,
T01,281,0,
T01,282,0,
T01,283,0,
T01,284,0,
T01,285,0,
T01,286,0,
T01,287,0,
T01,288,0,
T01,289,0,
T01,290,0,
T01,291,0,
T01,292,0,
T01,293,0,
T01,294,0,
T01,295,0,
T01,296,0,
T01,297,0,
T01,298,0,
T01,299,0,
T01,300,0,
T01,301,0,
T01,302,0,
T01,303,0,
T01,304,0,
T01,305,0,
T01,306,0,
T01,307,0,
T01,308,0,
T01,309,0,
T01,310,0,
T01,311,0,
T01,312,0,
T01,313,0,
T01,314,0,
T01,315,0,
T01,316,0,
T01,317,0,
T01,318,0,
T01,319,0,
T01,320,0,
T01,321,0,
T01,322,0,
T01,323,0,
T01,324,0,
T01,325,0,
T01,326,0,
T01,327,0,
T01,328,0,
T01,329,0,
T01,330,0,
T01,331,0,
T01,332,0,
T01,333,0,
T01,334,0,
T01,335,0,
T01,336,0,
T01,337,0,
T01,338,0,
T01,339,0,
T01,340,0,
T01,341,0,
T01,342,0,
T01,343,0,
T01,344,0,
T01,345,0,
T01,346,0,
T01,347,0,
T01,348,0,
T01,349,0,
T01,350,0,
T01,351,0,
T01,352,0,
T01,353,0,
T01,354,0,
T01,355,0,
T01,356,0,
T01,357,0,
T01,358,0,
T01,359,0,
T02,0,0,
T02,1,0,
T02,2,0,
T02,3,0,
T02,4,0,
T02,5,0,
T02,6,0,
T02,7,0,
T02,8,0,
T02,9,0,
T02,10,0,
T02,11,0,
T02,12,0,
T02,13,0,
T02,14,0,
T02,15,0,
T02,16,0,
T02,17,0,
T02,18,0,
T02,19,0,
T02,20,0,
T02,21,0,
T02,22,0,
T02,23,0,
T02,24,0,
T02,25,0,
T02,26,0,
T02,27,0,
T02,28,0,
T02,29,0,
T02,30,0,
T02,31,0,
T02,32,0,
T02,33,0,
T02,34,0,
T02,35,0,
T02,36,0,
T02,37,0,
T02,38,0,
T02,39,0,
T02,40,0,
T02,41,0,
T02,42,0,
T02,43,0,
T02,44,0,
T02,45,0,
T02,46,0,
T02,47,0,
T02,48,0,
T02,49,0,
T02,50,0,
T02,51,0,
T02,52,0,
T02,53,0,
T02,54,0,
T02,55,0,
T02,56,0,
T02,57,0,
T02,58,0,
T02,59,0,
T02,60,0,
T02,61,0,
T02,62,0,
T02,63,0,
T02,64,0,
T02,65,0,
T02,66,0,
T02,67,0,
T02,68,0,
T02,69,0,
T02,70,0,
T02,71,0,
T02,72,0,
T02,73,0,
T02,74,0,
T02,75,0,
T02,76,0,
T02,77,0,
T02,78,0,
T02,79,0,
T02,80,0,
T02,81,0,
T02,82,0,
T02,83,0,
T02,84,0,
T02,85,0,
T02,86,0,
T02,87,0,
T02,88,0,
T02,89,0,
T02,90,0,
T02,91,0,
T02,92,0,
T02,93,0,
T02,94,0,
T02,95,0,
T02,96,0,
T02,97,0,
T02,98,0,
T02,99,0,
T02,100,0,
T02,101,0,
T02,102,0,
T02,103,0,
T02,104,0,
T02,105,0,
T02,106,0,
T02,107,0,
T02,108,0,
T02,109,0,
T02,110,0,
T02,111,0,
T02,112,0,
T02,113,0,
T02,114,0,
T02,115,0,
T02,116,0,
T02,117,0,
T02,118,0,
T02,119,0,
T02,120,0,
T02,121,0,
T02,122,0,
T02,123,0,
T02,124,0,
T02,125,0,
T02,126,0,
T02,127,0,
T02,128,0,
T02,129,0,
T02,130,0,
T02,131,0,
T02,132,0,
T02,133,0,
T02,134,0,
T02,135,0,
T02,136,0,
T02,137,0,
T02,138,0,
T02,139,0,
T02,140,0,
T02,141,0,
T02,142,0,
T02,143,0,
T02,144,0,
T02,145,0,
T02,146,0,
T02,147,0,
T02,148,0,
T02,149,0,
T02,150,0,
T02,151,0,
T02,152,0,
T02,153,0,
T02,154,0,
T02,155,0,
T02,156,0,
T02,157,0,
T02,158,0,
T02,159,0,
T02,160,0,
T02,161,0,
T02,162,0,
T02,163,0,
T02,164,0,
T02,165,0,
T02,166,0,
T02,167,0,
T02,168,0,
T02,169,0,
T02,170,0,
T02,171,0,
T02,172,0,
T02,173,0,
T02,174,0,
T02,175,0,
T02,176,0,
T02,177,0,
T02,178,0,
T02,179,0,
T02,180,0,
T02,181,0,
T02,182,0,
T02,183,0,
T02,184,0,
T02,185,0,
T02,186,0,
T02,187,0,
T02,188,0,
T02,189,0,
T02,190,0,
T02,191,0,
T02,192,0,
T02,193,0,
T02,194,0,
T02,195,0,
T02,196,0,
T02,197,0,
T02,198,0,
T02,199,0,
T02,200,0,
T02,201,0,
T02,202,0,
T02,203,0,
T02,204,0,
T02,205,0,
T02,206,0,
T02,207,0,
T02,208,0,
T02,209,0,
T02,210,0,
T02,211,-4.0625,T05
T02,212,-6.25,T05
T02,213,-8.4375,T05
T02,214,-8.4375,T05
T02,215,-10.625,T05
T02,216,-13.90625,T05
T02,217,-15,T05
T02,218,-15,T05
T02,219,-15,T05
T02,220,-15,T05
T02,221,-15,T05
T02,222,-15,T05
T02,223,-15,T05
T02,224,-15,T05
T02,225,20,T05
T02,226,20,T05
T02,227,20,T05
T02,228,20,T05
T02,229,20,T05
T02,230,20,T05
T02,231,18.90625,T05
T02,232,15.625,T05
T02,233,13.4375,T05
T02,234,13.4375,T05
T02,235,11.25,T05
T02,236,9.0625,T05
T02,237,6.875,T05
T02,238,4.6875,T05
T02,239,2.5,T05
T02,240,2.5,T05
T02,241,2.5,T05
T02,242,0,
T02,243,0,
T02,244,0,
T02,245,0,
T02,246,0,
T02,247,0,
T02,248,0,
T02,249,0,
T02,250,0,
T02,251,0,
T02,252,0,
T02,253,0,
T02,254,0,
T02,255,0,
T02,256,0,
T02,257,0,
T02,258,0,
T02,259,0,
T02,260,0,
T02,261,0,
T02,262,0,
T02,263,0,
T02,264,0,
T02,265,0,
T02,266,0,
T02,267,0,
T02,268,0,
T02,269,0,
T02,270,0,
T02,271,0,
T02,272,0,
T02,273,0,
T02,274,0,
T02,275,0,
T02,276,0,
T02,277,0,
T02,278,0,
T02,279,0,
T02,280,0,
T02,281,0,
T02,282,0,
T02,283,0,
T02,284,0,
T02,285,0,
T02,286,0,
T02,287,0,
T02,288,0,
T02,289,0,
T02,290,0,
T02,291,0,
T02,292,0,
T02,293,0,
T02,294,0,
T02,295,0,
T02,296,0,
T02,297,0,
T02,298,0,
T02,299,0,
T02,300,0,
T02,301,0,
T02,302,0,
T02,303,0,
T02,304,0,
T02,305,0,
T02,306,0,
T02,307,0,
T02,308,0,
T02,309,0,
T02,310,0,
T02,311,0,
T02,312,0,
T02,313,0,
T02,314,0,
T02,315,0,
T02,316,0,
T02,317,0,
T02,318,0,
T02,319,0,
T02,320,0,
T02,321,0,
T02,322,0,
T02,323,0,
T02,324,0,
T02,325,0,
T02,326,0,
T02,327,0,
T02,328,0,
T02,329,0,
T02,330,0,
T02,331,0,
T02,332,0,
T02,333,0,
T02,334,0,
T02,335,0,
T02,336,0,
T02,337,0,
T02,338,0,
T02,339,0,
T02,340,0,
T02,341,0,
T02,342,0,
T02,343,0,
T02,344,0,
T02,345,0,
T02,346,0,
T02,347,0,
T02,348,0,
T02,349,0,
T02,350,0,
T02,351,0,
T02,352,0,
T02,353,0,
T02,354,0,
T02,355,0,
T02,356,0,
T02,357,0,
T02,358,0,
T02,359,0,
T03,0,0,
T03,1,0,
T03,2,0,
T03,3,0,
T03,4,0,
T03,5,0,
T03,6,0,
T03,7,0,
T03,8,0,
T03,9,0,
T03,10,0,
T03,11,0,
T03,12,0,
T03,13,0,
T03,14,0,
T03,15,0,
T03,16,0,
T03,17,0,
T03,18,0,
T03,19,0,
T03,20,0,
T03,21,0,
T03,22,0,
T03,23,0,
T03,24,0,
T03,25,0,
T03,26,0,
T03,27,0,
T03,28,0,
T03,29,0,
T03,30,0,
T03,31,0,
T03,32,0,
T03,33,0,
T03,34,0,
T03,35,0,
T03,36,0,
T03,37,0,
T03,38,0,
T03,39,0,
T03,40,0,
T03,41,0,
T03,42,0,
T03,43,0,
T03,44,0,
T03,45,0,
T03,46,0,
T03,47,0,
T03,48,0,
T03,49,0,
T03,50,0,
T03,51,0,
T03,52,0,
T03,53,0,
T03,54,0,
T03,55,0,
T03,56,0,
T03,57,0,
T03,58,0,
T03,59,0,
T03,60,0,
T03,61,0,
T03,62,0,
T03,63,0,
T03,64,0,
T03,65,0,
T03,66,0,
T03,67,0,
T03,68,0,
T03,69,0,
T03,70,0,
T03,71,0,
T03,72,0,
T03,73,0,
T03,74,0,
T03,75,0,
T03,76,0,
T03,77,0,
T03,78,0,
T03,79,0,
T03,80,0,
T03,81,0,
T03,82,0,
T03,83,0,
T03,84,0,
T03,85,0,
T03,86,0,
T03,87,0,
T03,88,0,
T03,89,0,
T03,90,0,
T03,91,0,
T03,92,0,
T03,93,0,
T03,94,0,
T03,95,0,
T03,96,0,
T03,97,0,
T03,98,0,
T03,99,0,
T03,100,0,
T03,101,0,
T03,102,0,
T03,103,0,
T03,104,0,
T03,105,0,
T03,106,0,
T03,107,0,
T03,108,0,
T03,109,0,
T03,110,0,
T03,111,0,
T03,112,0,
T03,113,0,
T03,114,0,
T03,115,0,
T03,116,0,
T03,117,0,
T03,118,0,
T03,119,0,
T03,120,0,
T03,121,0,
T03,122,0,
T03,123,0,
T03,124,0,
T03,125,0,
T03,126,0,
T03,127,0,
T03,128,0,
T03,129,0,
T03,130,0,
T03,131,0,
T03,132,0,
T03,133,0,
T03,134,0,
T03,135,0,
T03,136,0,
T03,137,0,
T03,138,0,
T03,139,0,
T03,140,0,
T03,141,0,
T03,142,0,
T03,143,0,
T03,144,0,
T03,145,0,
T03,146,0,
T03,147,0,
T03,148,0,
T03,149,0,
T03,150,0,
T03,151,0,
T03,152,0,
T03,153,0,
T03,154,0,
T03,155,0,
T03,156,0,
T03,157,0,
T03,158,0,
T03,159,0,
T03,160,0,
T03,161,0,
T03,162,0,
T03,163,0,
T03,164,0,
T03,165,0,
T03,166,0,
T03,167,0,
T03,168,0,
T03,169,0,
T03,170,0,
T03,171,0,
T03,172,0,
T03,173,0,
T03,174,0,
T03,175,0,
T03,176,0,
T03,177,0,
T03,178,0,
T03,179,0,
T03,180,0,
T03,181,0,
T03,182,0,
T03,183,0,
T03,184,0,
T03,185,0,
T03,186,0,
T03,187,0,
T03,188,0,
T03,189,0,
T03,190,0,
T03,191,0,
T03,192,-1.875,T07
T03,193,-4.0625,T07
T03,194,-6.25,T07
T03,195,-8.4375,T07
T03,196,-10.625,T07
T03,197,-11.71875,T07
T03,198,-13.90625,T07
T03,199,-15,T07
T03,200,-15,T07
T03,201,-15,T07
T03,202,-15,T07
T03,203,-15,T07
T03,204,-15,T07
T03,205,-15,T07
T03,206,-15,T07
T03,207,20,T07
T03,208,20,T07
T03,209,20,T07
T03,210,20,T07
T03,211,20,T07
T03,212,20,T07
T03,213,18.90625,T07
T03,214,16.71875,T07
T03,215,15.625,T07
T03,216,13.4375,T07
T03,217,11.25,T07
T03,218,9.0625,T07
T03,219,6.875,T07
T03,220,4.6875,T07
T03,221,4.6875,T07
T03,222,2.5,T07
T03,223,2.5,T07
T03,224,2.5,T07
T03,225,0,
T03,226,0,
T03,227,0,
T03,228,0,
T03,229,0,
T03,230,0,
T03,231,0,
T03,232,0,
T03,233,0,
T03,234,0,
T03,235,0,
T03,236,0,
T03,237,0,
T03,238,0,
T03,239,0,
T03,240,0,
T03,241,0,
T03,242,0,
T03,243,0,
T03,244,0,
T03,245,0,
T03,246,0,
T03,247,0,
T03,248,0,
T03,249,0,
T03,250,0,
T03,251,0,
T03,252,0,
T03,253,0,
T03,254,0,
T03,255,0,
T03,256,0,
T03,257,0,
T03,258,0,
T03,259,0,
T03,260,-4.0625,T04
T03,261,-6.25,T04
T03,262,-8.4375,T04
T03,263,-8.4375,T04
T03,264,-10.625,T04
T03,265,-13.90625,T04
T03,266,-15,T04
T03,267,-15,T04
T03,268,-15,T04
T03,269,-15,T04
T03,270,-15,T04
T03,271,-15,T04
T03,272,-15,T04
T03,273,-15,T04
T03,274,20,T04
T03,275,20,T04
T03,276,20,T04
T03,277,20,T04
T03,278,20,T04
T03,279,20,T04
T03,280,16.71875,T04
T03,281,15.625,T04
T03,282,13.4375,T04
T03,283,11.25,T04
T03,284,9.0625,T04
T03,285,6.875,T04
T03,286,6.875,T04
T03,287,4.6875,T04
T03,288,2.5,T04
T03,289,2.5,T04
T03,290,2.5,T04
T03,291,0,
T03,292,0,
T03,293,0,
T03,294,0,
T03,295,0,
T03,296,0,
T03,297,0,
T03,298,0,
T03,299,0,
T03,300,0,
T03,301,0,
T03,302,0,
T03,303,0,
T03,304,0,
T03,305,0,
T03,306,0,
T03,307,0,
T03,308,0,
T03,309,0,
T03,310,0,
T03,311,0,
T03,312,0,
T03,313,0,
T03,314,0,
T03,315,0,
T03,316,0,
T03,317,0,
T03,318,0,
T03,319,0,
T03,320,0,
T03,321,0,
T03,322,0,
T03,323,0,
T03,324,0,
T03,325,0,
T03,326,0,
T03,327,0,
T03,328,0,
T03,329,0,
T03,330,0,
T03,331,0,
T03,332,0,
T03,333,0,
T03,334,0,
T03,335,0,
T03,336,0,
T03,337,0,
T03,338,0,
T03,339,0,
T03,340,0,
T03,341,0,
T03,342,0,
T03,343,0,
T03,344,0,
T03,345,0,
T03,346,0,
T03,347,0,
T03,348,0,
T03,349,0,
T03,350,0,
T03,351,0,
T03,352,0,
T03,353,0,
T03,354,0,
T03,355,0,
T03,356,0,
T03,357,0,
T03,358,0,
T03,359,0,
T04,0,0,
T04,1,0,
T04,2,0,
T04,3,0,
T04,4,0,
T04,5,0,
T04,6,0,
T04,7,0,
T04,8,0,
T04,9,0,
T04,10,0,
T04,11,0,
T04,12,0,
T04,13,0,
T04,14,0,
T04,15,0,
T04,16,0,
T04,17,0,
T04,18,0,
T04,19,0,
T04,20,0,
T04,21,0,
T04,22,0,
T04,23,0,
T04,24,0,
T04,25,0,
T04,26,0,
T04,27,0,
T04,28,0,
T04,29,0,
T04,30,0,
T04,31,0,
T04,32,0,
T04,33,0,
T04,34,0,
T04,35,0,
T04,36,0,
T04,37,0,
T04,38,0,
T04,39,0,
T04,40,0,
T04,41,0,
T04,42,0,
T04,43,0,
T04,44,0,
T04,45,0,
T04,46,0,
T04,47,0,
T04,48,0,
T04,49,0,
T04,50,0,
T04,51,0,
T04,52,0,
T04,53,0,
T04,54,0,
T04,55,0,
T04,56,0,
T04,57,0,
T04,58,0,
T04,59,0,
T04,60,0,
T04,61,0,
T04,62,0,
T04,63,0,
T04,64,0,
T04,65,0,
T04,66,0,
T04,67,0,
T04,68,0,
T04,69,0,
T04,70,0,
T04,71,0,
T04,72,0,
T04,73,0,
T04,74,0,
T04,75,0,
T04,76,0,
T04,77,0,
T04,78,0,
T04,79,0,
T04,80,0,
T04,81,0,
T04,82,0,
T04,83,0,
T04,84,0,
T04,85,0,
T04,86,0,
T04,87,0,
T04,88,0,
T04,89,0,
T04,90,0,
T04,91,0,
T04,92,0,
T04,93,0,
T04,94,0,
T04,95,0,
T04,96,0,
T04,97,0,
T04,98,0,
T04,99,0,
T04,100,0,
T04,101,0,
T04,102,0,
T04,103,0,
T04,104,0,
T04,105,0,
T04,106,0,
T04,107,0,
T04,108,0,
T04,109,0,
T04,110,0,
T04,111,0,
T04,112,0,
T04,113,0,
T04,114,0,
T04,115,0,
T04,116,0,
T04,117,0,
T04,118,0,
T04,119,0,
T04,120,0,
T04,121,0,
T04,122,0,
T04,123,0,
T04,124,0,
T04,125,0,
T04,126,0,
T04,127,0,
T04,128,0,
T04,129,0,
T04,130,0,
T04,131,0,
T04,132,0,
T04,133,0,
T04,134,0,
T04,135,0,
T04,136,0,
T04,137,0,
T04,138,0,
T04,139,0,
T04,140,0,
T04,141,0,
T04,142,0,
T04,143,0,
T04,144,0,
T04,145,0,
T04,146,0,
T04,147,0,
T04,148,0,
T04,149,0,
T04,150,0,
T04,151,0,
T04,152,0,
T04,153,0,
T04,154,0,
T04,155,0,
T04,156,0,
T04,157,0,
T04,158,0,
T04,159,0,
T04,160,0,
T04,161,0,
T04,162,0,
T04,163,0,
T04,164,0,
T04,165,0,
T04,166,0,
T04,167,0,
T04,168,0,
T04,169,0,
T04,170,0,
T04,171,0,
T04,172,0,
T04,173,0,
T04,174,0,
T04,175,0,
T04,176,0,
T04,177,0,
T04,178,0,
T04,179,0,
T04,180,0,
T04,181,0,
T04,182,0,
T04,183,0,
T04,184,0,
T04,185,0,
T04,186,0,
T04,187,0,
T04,188,0,
T04,189,0,
T04,190,0,
T04,191,0,
T04,192,0,
T04,193,0,
T04,194,0,
T04,195,0,
T04,196,0,
T04,197,0,
T04,198,0,
T04,199,0,
T04,200,0,
T04,201,0,
T04,202,0,
T04,203,0,
T04,204,0,
T04,205,0,
T04,206,0,
T04,207,0,
T04,208,0,
T04,209,0,
T04,210,0,
T04,211,0,
T04,212,0,
T04,213,0,
T04,214,0,
T04,215,0,
T04,216,0,
T04,217,0,
T04,218,0,
T04,219,0,
T04,220,0,
T04,221,0,
T04,222,0,
T04,223,0,
T04,224,0,
T04,225,0,
T04,226,0,
T04,227,0,
T04,228,0,
T04,229,0,
T04,230,0,
T04,231,0,
T04,232,0,
T04,233,0,
T04,234,0,
T04,235,0,
T04,236,0,
T04,237,0,
T04,238,0,
T04,239,0,
T04,240,0,
T04,241,0,
T04,242,0,
T04,243,0,
T04,244,0,
T04,245,0,
T04,246,0,
T04,247,0,
T04,248,0,
T04,249,0,
T04,250,0,
T04,251,0,
T04,252,0,
T04,253,0,
T04,254,0,
T04,255,0,
T04,256,0,
T04,257,0,
T04,258,0,
T04,259,0,
T04,260,0,
T04,261,0,
T04,262,0,
T04,263,0,
T04,264,0,
T04,265,0,
T04,266,0,
T04,267,0,
T04,268,0,
T04,269,0,
T04,270,0,
T04,271,0,
T04,272,0,
T04,273,0,
T04,274,0,
T04,275,0,
T04,276,0,
T04,277,0,
T04,278,0,
T04,279,0,
T04,280,0,
T04,281,0,
T04,282,0,
T04,283,0,
T04,284,0,
T04,285,0,
T04,286,0,
T04,287,0,
T04,288,0,
T04,289,0,
T04,290,0,
T04,291,0,
T04,292,0,
T04,293,0,
T04,294,0,
T04,295,0,
T04,296,0,
T04,297,0,
T04,298,0,
T04,299,0,
T04,300,0,
T04,301,0,
T04,302,0,
T04,303,0,
T04,304,0,
T04,305,0,
T04,306,0,
T04,307,0,
T04,308,0,
T04,309,0,
T04,310,0,
T04,311,0,
T04,312,0,
T04,313,0,
T04,314,0,
T04,315,0,
T04,316,0,
T04,317,0,
T04,318,0,
T04,319,0,
T04,320,0,
T04,321,0,
T04,322,0,
T04,323,0,
T04,324,0,
T04,325,0,
T04,326,0,
T04,327,0,
T04,328,0,
T04,329,0,
T04,330,0,
T04,331,0,
T04,332,0,
T04,333,0,
T04,334,0,
T04,335,0,
T04,336,0,
T04,337,0,
T04,338,0,
T04,339,0,
T04,340,0,
T04,341,0,
T04,342,0,
T04,343,0,
T04,344,0,
T04,345,0,
T04,346,0,
T04,347,0,
T04,348,0,
T04,349,0,
T04,350,0,
T04,351,0,
T04,352,0,
T04,353,0,
T04,354,0,
T04,355,0,
T04,356,0,
T04,357,0,
T04,358,0,
T04,359,0,
T05,0,0,
T05,1,0,
T05,2,0,
T05,3,0,
T05,4,0,
T05,5,0,
T05,6,0,
T05,7,0,
T05,8,0,
T05,9,0,
T05,10,0,
T05,11,0,
T05,12,0,
T05,13,0,
T05,14,0,
T05,15,0,
T05,16,0,
T05,17,0,
T05,18,0,
T05,19,0,
T05,20,0,
T05,21,0,
T05,22,0,
T05,23,0,
T05,24,0,
T05,25,0,
T05,26,0,
T05,27,0,
T05,28,0,
T05,29,0,
T05,30,0,
T05,31,0,
T05,32,0,
T05,33,0,
T05,34,0,
T05,35,0,
T05,36,0,
T05,37,0,
T05,38,0,
T05,39,0,
T05,40,0,
T05,41,0,
T05,42,0,
T05,43,0,
T05,44,0,
T05,45,0,
T05,46,0,
T05,47,0,
T05,48,0,
T05,49,0,
T05,50,0,
T05,51,0,
T05,52,0,
T05,53,0,
T05,54,0,
T05,55,0,
T05,56,0,
T05,57,0,
T05,58,0,
T05,59,0,
T05,60,0,
T05,61,0,
T05,62,0,
T05,63,0,
T05,64,0,
T05,65,0,
T05,66,0,
T05,67,0,
T05,68,0,
T05,69,0,
T05,70,0,
T05,71,0,
T05,72,0,
T05,73,0,
T05,74,0,
T05,75,0,
T05,76,0,
T05,77,0,
T05,78,0,
T05,79,0,
T05,80,0,
T05,81,0,
T05,82,0,
T05,83,0,
T05,84,0,
T05,85,0,
T05,86,0,
T05,87,0,
T05,88,0,
T05,89,0,
T05,90,0,
T05,91,0,
T05,92,0,
T05,93,0,
T05,94,0,
T05,95,0,
T05,96,0,
T05,97,0,
T05,98,0,
T05,99,0,
T05,100,0,
T05,101,0,
T05,102,0,
T05,103,0,
T05,104,0,
T05,105,0,
T05,106,0,
T05,107,0,
T05,108,0,
T05,109,0,
T05,110,0,
T05,111,0,
T05,112,0,
T05,113,0,
T05,114,0,
T05,115,0,
T05,116,0,
T05,117,0,
T05,118,0,
T05,119,0,
T05,120,0,
T05,121,0,
T05,122,0,
T05,123,0,
T05,124,0,
T05,125,0,
T05,126,0,
T05,127,0,
T05,128,0,
T05,129,0,
T05,130,0,
T05,131,-1.875,T04
T05,132,-4.0625,T04
T05,133,-6.25,T04
T05,134,-8.4375,T04
T05,135,-10.625,T04
T05,136,-11.71875,T04
T05,137,-13.90625,T04
T05,138,-15,T04
T05,139,-15,T04
T05,140,-15,T04
T05,141,-15,T04
T05,142,-15,T04
T05,143,-15,T04
T05,144,-15,T04
T05,145,20,T04
T05,146,20,T04
T05,147,20,T04
T05,148,20,T04
T05,149,20,T04
T05,150,20,T04
T05,151,18.90625,T04
T05,152,16.71875,T04
T05,153,15.625,T04
T05,154,13.4375,T04
T05,155,11.25,T04
T05,156,9.0625,T04
T05,157,6.875,T04
T05,158,4.6875,T04
T05,159,2.5,T04
T05,160,2.5,T04
T05,161,2.5,T04
T05,162,0,
T05,163,0,
T05,164,0,
T05,165,0,
T05,166,0,
T05,167,0,
T05,168,0,
T05,169,0,
T05,170,0,
T05,171,0,
T05,172,0,
T05,173,0,
T05,174,0,
T05,175,0,
T05,176,0,
T05,177,0,
T05,178,0,
T05,179,0,
T05,180,0,
T05,181,0,
T05,182,0,
T05,183,0,
T05,184,0,
T05,185,0,
T05,186,0,
T05,187,0,
T05,188,0,
T05,189,0,
T05,190,0,
T05,191,0,
T05,192,0,
T05,193,0,
T05,194,0,
T05,195,0,
T05,196,0,
T05,197,0,
T05,198,0,
T05,199,0,
T05,200,0,
T05,201,0,
T05,202,0,
T05,203,0,
T05,204,0,
T05,205,0,
T05,206,0,
T05,207,0,
T05,208,0,
T05,209,0,
T05,210,0,
T05,211,0,
T05,212,0,
T05,213,0,
T05,214,0,
T05,215,0,
T05,216,0,
T05,217,0,
T05,218,0,
T05,219,0,
T05,220,0,
T05,221,0,
T05,222,0,
T05,223,0,
T05,224,0,
T05,225,0,
T05,226,0,
T05,227,0,
T05,228,0,
T05,229,0,
T05,230,0,
T05,231,0,
T05,232,0,
T05,233,0,
T05,234,0,
T05,235,0,
T05,236,0,
T05,237,0,
T05,238,0,
T05,239,0,
T05,240,0,
T05,241,0,
T05,242,0,
T05,243,0,
T05,244,0,
T05,245,0,
T05,246,0,
T05,247,0,
T05,248,0,
T05,249,0,
T05,250,0,
T05,251,0,
T05,252,0,
T05,253,0,
T05,254,0,
T05,255,0,
T05,256,0,
T05,257,0,
T05,258,0,
T05,259,0,
T05,260,0,
T05,261,0,
T05,262,0,
T05,263,0,
T05,264,0,
T05,265,0,
T05,266,0,
T05,267,0,
T05,268,0,
T05,269,0,
T05,270,0,
T05,271,0,
T05,272,0,
T05,273,0,
T05,274,0,
T05,275,0,
T05,276,0,
T05,277,0,
T05,278,0,
T05,279,0,
T05,280,0,
T05,281,0,
T05,282,0,
T05,283,0,
T05,284,0,
T05,285,0,
T05,286,0,
T05,287,0,
T05,288,0,
T05,289,0,
T05,290,0,
T05,291,0,
T05,292,0,
T05,293,0,
T05,294,0,
T05,295,0,
T05,296,0,
T05,297,0,
T05,298,0,
T05,299,0,
T05,300,0,
T05,301,0,
T05,302,0,
T05,303,0,
T05,304,0,
T05,305,0,
T05,306,0,
T05,307,0,
T05,308,0,
T05,309,0,
T05,310,0,
T05,311,0,
T05,312,0,
T05,313,0,
T05,314,0,
T05,315,0,
T05,316,0,
T05,317,0,
T05,318,0,
T05,319,0,
T05,320,0,
T05,321,0,
T05,322,0,
T05,323,0,
T05,324,0,
T05,325,0,
T05,326,0,
T05,327,0,
T05,328,0,
T05,329,0,
T05,330,0,
T05,331,0,
T05,332,0,
T05,333,0,
T05,334,0,
T05,335,0,
T05,336,0,
T05,337,0,
T05,338,0,
T05,339,0,
T05,340,0,
T05,341,0,
T05,342,0,
T05,343,0,
T05,344,0,
T05,345,0,
T05,346,0,
T05,347,0,
T05,348,0,
T05,349,0,
T05,350,0,
T05,351,0,
T05,352,0,
T05,353,0,
T05,354,0,
T05,355,0,
T05,356,0,
T05,357,0,
T05,358,0,
T05,359,0,
T06,0,0,
T06,1,0,
T06,2,0,
T06,3,0,
T06,4,0,
T06,5,0,
T06,6,0,
T06,7,0,
T06,8,0,
T06,9,0,
T06,10,0,
T06,11,0,
T06,12,0,
T06,13,0,
T06,14,0,
T06,15,0,
T06,16,0,
T06,17,0,
T06,18,0,
T06,19,0,
T06,20,0,
T06,21,0,
T06,22,0,
T06,23,0,
T06,24,0,
T06,25,0,
T06,26,0,
T06,27,0,
T06,28,0,
T06,29,0,
T06,30,0,
T06,31,0,
T06,32,0,
T06,33,0,
T06,34,0,
T06,35,0,
T06,36,0,
T06,37,0,
T06,38,0,
T06,39,0,
T06,40,0,
T06,41,0,
T06,42,0,
T06,43,0,
T06,44,0,
T06,45,0,
T06,46,0,
T06,47,0,
T06,48,0,
T06,49,0,
T06,50,0,
T06,51,0,
T06,52,0,
T06,53,0,
T06,54,0,
T06,55,0,
T06,56,0,
T06,57,0,
T06,58,0,
T06,59,0,
T06,60,0,
T06,61,0,
T06,62,0,
T06,63,0,
T06,64,0,
T06,65,0,
T06,66,0,
T06,67,0,
T06,68,0,
T06,69,0,
T06,70,0,
T06,71,0,
T06,72,0,
T06,73,0,
T06,74,0,
T06,75,0,
T06,76,0,
T06,77,0,
T06,78,0,
T06,79,0,
T06,80,0,
T06,81,0,
T06,82,0,
T06,83,0,
T06,84,0,
T06,85,0,
T06,86,0,
T06,87,0,
T06,88,0,
T06,89,0,
T06,90,0,
T06,91,0,
T06,92,0,
T06,93,0,
T06,94,0,
T06,95,0,
T06,96,0,
T06,97,0,
T06,98,0,
T06,99,0,
T06,100,0,
T06,101,0,
T06,102,0,
T06,103,0,
T06,104,0,
T06,105,0,
T06,106,0,
T06,107,0,
T06,108,0,
T06,109,0,
T06,110,0,
T06,111,0,
T06,112,0,
T06,113,0,
T06,114,0,
T06,115,0,
T06,116,0,
T06,117,0,
T06,118,0,
T06,119,0,
T06,120,0,
T06,121,0,
T06,122,0,
T06,123,0,
T06,124,0,
T06,125,0,
T06,126,0,
T06,127,0,
T06,128,0,
T06,129,0,
T06,130,0,
T06,131,0,
T06,132,0,
T06,133,0,
T06,134,0,
T06,135,0,
T06,136,0,
T06,137,0,
T06,138,0,
T06,139,0,
T06,140,0,
T06,141,0,
T06,142,0,
T06,143,0,
T06,144,0,
T06,145,0,
T06,146,0,
T06,147,0,
T06,148,0,
T06,149,0,
T06,150,0,
T06,151,0,
T06,152,0,
T06,153,0,
T06,154,0,
T06,155,0,
T06,156,0,
T06,157,0,
T06,158,0,
T06,159,0,
T06,160,0,
T06,161,0,
T06,162,0,
T06,163,0,
T06,164,0,
T06,165,0,
T06,166,0,
T06,167,0,
T06,168,0,
T06,169,0,
T06,170,0,
T06,171,0,
T06,172,0,
T06,173,0,
T06,174,0,
T06,175,0,
T06,176,0,
T06,177,0,
T06,178,0,
T06,179,0,
T06,180,0,
T06,181,0,
T06,182,0,
T06,183,0,
T06,184,0,
T06,185,0,
T06,186,0,
T06,187,0,
T06,188,0,
T06,189,0,
T06,190,0,
T06,191,0,
T06,192,0,
T06,193,0,
T06,194,0,
T06,195,0,
T06,196,0,
T06,197,0,
T06,198,0,
T06,199,0,
T06,200,0,
T06,201,0,
T06,202,0,
T06,203,0,
T06,204,0,
T06,205,0,
T06,206,0,
T06,207,0,
T06,208,0,
T06,209,0,
T06,210,0,
T06,211,0,
T06,212,0,
T06,213,0,
T06,214,0,
T06,215,0,
T06,216,0,
T06,217,0,
T06,218,0,
T06,219,0,
T06,220,0,
T06,221,0,
T06,222,0,
T06,223,0,
T06,224,0,
T06,225,0,
T06,226,0,
T06,227,0,
T06,228,0,
T06,229,0,
T06,230,0,
T06,231,0,
T06,232,0,
T06,233,0,
T06,234,0,
T06,235,0,
T06,236,0,
T06,237,0,
T06,238,0,
T06,239,0,
T06,240,0,
T06,241,0,
T06,242,0,
T06,243,0,
T06,244,0,
T06,245,0,
T06,246,0,
T06,247,0,
T06,248,0,
T06,249,0,
T06,250,0,
T06,251,0,
T06,252,0,
T06,253,0,
T06,254,0,
T06,255,0,
T06,256,0,
T06,257,0,
T06,258,0,
T06,259,0,
T06,260,0,
T06,261,0,
T06,262,0,
T06,263,0,
T06,264,0,
T06,265,0,
T06,266,0,
T06,267,0,
T06,268,0,
T06,269,0,
T06,270,0,
T06,271,0,
T06,272,0,
T06,273,0,
T06,274,0,
T06,275,0,
T06,276,0,
T06,277,0,
T06,278,0,
T06,279,0,
T06,280,0,
T06,281,0,
T06,282,0,
T06,283,0,
T06,284,0,
T06,285,0,
T06,286,0,
T06,287,0,
T06,288,0,
T06,289,0,
T06,290,0,
T06,291,0,
T06,292,0,
T06,293,0,
T06,294,0,
T06,295,0,
T06,296,0,
T06,297,0,
T06,298,0,
T06,299,0,
T06,300,0,
T06,301,0,
T06,302,0,
T06,303,0,
T06,304,0,
T06,305,0,
T06,306,0,
T06,307,0,
T06,308,0,
T06,309,0,
T06,310,0,
T06,311,0,
T06,312,0,
T06,313,0,
T06,314,0,
T06,315,0,
T06,316,0,
T06,317,0,
T06,318,0,
T06,319,0,
T06,320,0,
T06,321,0,
T06,322,0,
T06,323,0,
T06,324,0,
T06,325,0,
T06,326,0,
T06,327,0,
T06,328,0,
T06,329,0,
T06,330,0,
T06,331,0,
T06,332,0,
T06,333,0,
T06,334,0,
T06,335,0,
T06,336,0,
T06,337,0,
T06,338,0,
T06,339,0,
T06,340,0,
T06,341,0,
T06,342,0,
T06,343,0,
T06,344,0,
T06,345,0,
T06,346,0,
T06,347,0,
T06,348,0,
T06,349,0,
T06,350,0,
T06,351,0,
T06,352,0,
T06,353,0,
T06,354,0,
T06,355,0,
T06,356,0,
T06,357,0,
T06,358,0,
T06,359,0,
T07,0,0,
T07,1,0,
T07,2,0,
T07,3,0,
T07,4,0,
T07,5,0,
T07,6,0,
T07,7,0,
T07,8,0,
T07,9,0,
T07,10,0,
T07,11,0,
T07,12,0,
T07,13,0,
T07,14,0,
T07,15,0,
T07,16,0,
T07,17,0,
T07,18,0,
T07,19,0,
T07,20,0,
T07,21,0,
T07,22,0,
T07,23,0,
T07,24,0,
T07,25,0,
T07,26,0,
T07,27,0,
T07,28,0,
T07,29,0,
T07,30,0,
T07,31,0,
T07,32,0,
T07,33,0,
T07,34,0,
T07,35,0,
T07,36,0,
T07,37,0,
T07,38,0,
T07,39,0,
T07,40,0,
T07,41,0,
T07,42,0,
T07,43,0,
T07,44,0,
T07,45,0,
T07,46,0,
T07,47,0,
T07,48,0,
T07,49,0,
T07,50,0,
T07,51,0,
T07,52,0,
T07,53,0,
T07,54,0,
T07,55,0,
T07,56,0,
T07,57,0,
T07,58,0,
T07,59,0,
T07,60,0,
T07,61,0,
T07,62,0,
T07,63,0,
T07,64,0,
T07,65,0,
T07,66,0,
T07,67,0,
T07,68,0,
T07,69,0,
T07,70,0,
T07,71,0,
T07,72,0,
T07,73,0,
T07,74,0,
T07,75,0,
T07,76,0,
T07,77,0,
T07,78,0,
T07,79,0,
T07,80,0,
T07,81,0,
T07,82,0,
T07,83,0,
T07,84,0,
T07,85,0,
T07,86,0,
T07,87,0,
T07,88,0,
T07,89,0,
T07,90,0,
T07,91,0,
T07,92,0,
T07,93,0,
T07,94,0,
T07,95,0,
T07,96,0,
T07,97,0,
T07,98,0,
T07,99,0,
T07,100,0,
T07,101,0,
T07,102,0,
T07,103,0,
T07,104,0,
T07,105,0,
T07,106,0,
T07,107,0,
T07,108,0,
T07,109,0,
T07,110,0,
T07,111,0,
T07,112,0,
T07,113,0,
T07,114,0,
T07,115,0,
T07,116,0,
T07,117,0,
T07,118,0,
T07,119,0,
T07,120,0,
T07,121,0,
T07,122,0,
T07,123,0,
T07,124,0,
T07,125,0,
T07,126,0,
T07,127,0,
T07,128,0,
T07,129,0,
T07,130,0,
T07,131,0,
T07,132,0,
T07,133,0,
T07,134,0,
T07,135,0,
T07,136,0,
T07,137,0,
T07,138,0,
T07,139,0,
T07,140,0,
T07,141,0,
T07,142,0,
T07,143,0,
T07,144,0,
T07,145,0,
T07,146,0,
T07,147,0,
T07,148,0,
T07,149,0,
T07,150,0,
T07,151,0,
T07,152,0,
T07,153,0,
T07,154,0,
T07,155,0,
T07,156,0,
T07,157,0,
T07,158,0,
T07,159,0,
T07,160,0,
T07,161,0,
T07,162,0,
T07,163,0,
T07,164,0,
T07,165,0,
T07,166,0,
T07,167,0,
T07,168,0,
T07,169,0,
T07,170,0,
T07,171,0,
T07,172,0,
T07,173,0,
T07,174,0,
T07,175,0,
T07,176,0,
T07,177,0,
T07,178,0,
T07,179,0,
T07,180,0,
T07,181,0,
T07,182,0,
T07,183,0,
T07,184,0,
T07,185,0,
T07,186,0,
T07,187,0,
T07,188,0,
T07,189,0,
T07,190,0,
T07,191,0,
T07,192,0,
T07,193,0,
T07,194,0,
T07,195,0,
T07,196,0,
T07,197,0,
T07,198,0,
T07,199,0,
T07,200,0,
T07,201,0,
T07,202,0,
T07,203,0,
T07,204,0,
T07,205,0,
T07,206,0,
T07,207,0,
T07,208,0,
T07,209,0,
T07,210,0,
T07,211,0,
T07,212,0,
T07,213,0,
T07,214,0,
T07,215,0,
T07,216,0,
T07,217,0,
T07,218,0,
T07,219,0,
T07,220,0,
T07,221,0,
T07,222,0,
T07,223,0,
T07,224,0,
T07,225,0,
T07,226,0,
T07,227,0,
T07,228,0,
T07,229,0,
T07,230,0,
T07,231,0,
T07,232,0,
T07,233,0,
T07,234,0,
T07,235,0,
T07,236,0,
T07,237,0,
T07,238,0,
T07,239,0,
T07,240,0,
T07,241,0,
T07,242,0,
T07,243,0,
T07,244,0,
T07,245,0,
T07,246,0,
T07,247,0,
T07,248,0,
T07,249,0,
T07,250,0,
T07,251,0,
T07,252,0,
T07,253,0,
T07,254,0,
T07,255,0,
T07,256,0,
T07,257,0,
T07,258,0,
T07,259,0,
T07,260,0,
T07,261,0,
T07,262,0,
T07,263,0,
T07,264,0,
T07,265,0,
T07,266,0,
T07,267,0,
T07,268,0,
T07,269,0,
T07,270,0,
T07,271,0,
T07,272,0,
T07,273,0,
T07,274,0,
T07,275,0,
T07,276,0,
T07,277,0,
T07,278,0,
T07,279,0,
T07,280,0,
T07,281,0,
T07,282,0,
T07,283,0,
T07,284,0,
T07,285,0,
T07,286,0,
T07,287,0,
T07,288,0,
T07,289,0,
T07,290,0,
T07,291,0,
T07,292,0,
T07,293,0,
T07,294,0,
T07,295,0,
T07,296,0,
T07,297,0,
T07,298,0,
T07,299,0,
T07,300,0,
T07,301,0,
T07,302,0,
T07,303,0,
T07,304,0,
T07,305,0,
T07,306,0,
T07,307,0,
T07,308,0,
T07,309,0,
T07,310,0,
T07,311,0,
T07,312,0,
T07,313,0,
T07,314,0,
T07,315,0,
T07,316,0,
T07,317,0,
T07,318,0,
T07,319,0,
T07,320,0,
T07,321,0,
T07,322,0,
T07,323,0,
T07,324,0,
T07,325,0,
T07,326,0,
T07,327,0,
T07,328,0,
T07,329,0,
T07,330,0,
T07,331,0,
T07,332,0,
T07,333,0,
T07,334,0,
T07,335,0,
T07,336,0,
T07,337,0,
T07,338,0,
T07,339,0,
T07,340,0,
T07,341,0,
T07,342,0,
T07,343,0,
T07,344,0,
T07,345,0,
T07,346,0,
T07,347,0,
T07,348,0,
T07,349,0,
T07,350,0,
T07,351,0,
T07,352,0,
T07,353,0,
T07,354,0,
T07,355,0,
T07,356,0,
T07,357,0,
T07,358,0,
T07,359,0,
T08,0,0,
T08,1,0,
T08,2,0,
T08,3,0,
T08,4,0,
T08,5,0,
T08,6,0,
T08,7,0,
T08,8,0,
T08,9,0,
T08,10,0,
T08,11,0,
T08,12,0,
T08,13,0,
T08,14,0,
T08,15,0,
T08,16,0,
T08,17,0,
T08,18,0,
T08,19,0,
T08,20,0,
T08,21,0,
T08,22,0,
T08,23,0,
T08,24,0,
T08,25,0,
T08,26,0,
T08,27,0,
T08,28,0,
T08,29,0,
T08,30,0,
T08,31,0,
T08,32,0,
T08,33,0,
T08,34,0,
T08,35,0,
T08,36,0,
T08,37,0,
T08,38,0,
T08,39,0,
T08,40,0,
T08,41,0,
T08,42,0,
T08,43,0,
T08,44,0,
T08,45,0,
T08,46,0,
T08,47,0,
T08,48,0,
T08,49,0,
T08,50,0,
T08,51,0,
T08,52,0,
T08,53,0,
T08,54,0,
T08,55,0,
T08,56,0,
T08,57,0,
T08,58,0,
T08,59,0,
T08,60,0,
T08,61,0,
T08,62,0,
T08,63,0,
T08,64,0,
T08,65,0,
T08,66,0,
T08,67,0,
T08,68,0,
T08,69,0,
T08,70,0,
T08,71,0,
T08,72,0,
T08,73,0,
T08,74,0,
T08,75,0,
T08,76,0,
T08,77,0,
T08,78,0,
T08,79,0,
T08,80,0,
T08,81,0,
T08,82,0,
T08,83,0,
T08,84,0,
T08,85,0,
T08,86,0,
T08,87,0,
T08,88,0,
T08,89,0,
T08,90,0,
T08,91,0,
T08,92,0,
T08,93,0,
T08,94,0,
T08,95,0,
T08,96,0,
T08,97,0,
T08,98,0,
T08,99,0,
T08,100,0,
T08,101,0,
T08,102,0,
T08,103,0,
T08,104,0,
T08,105,0,
T08,106,0,
T08,107,0,
T08,108,0,
T08,109,0,
T08,110,0,
T08,111,0,
T08,112,0,
T08,113,0,
T08,114,0,
T08,115,0,
T08,116,0,
T08,117,0,
T08,118,0,
T08,119,0,
T08,120,0,
T08,121,0,
T08,122,0,
T08,123,0,
T08,124,0,
T08,125,0,
T08,126,0,
T08,127,0,
T08,128,0,
T08,129,0,
T08,130,0,
T08,131,0,
T08,132,0,
T08,133,0,
T08,134,0,
T08,135,0,
T08,136,0,
T08,137,0,
T08,138,0,
T08,139,0,
T08,140,0,
T08,141,0,
T08,142,0,
T08,143,0,
T08,144,0,
T08,145,0,
T08,146,0,
T08,147,0,
T08,148,0,
T08,149,0,
T08,150,0,
T08,151,0,
T08,152,0,
T08,153,0,
T08,154,0,
T08,155,0,
T08,156,0,
T08,157,0,
T08,158,0,
T08,159,0,
T08,160,0,
T08,161,0,
T08,162,0,
T08,163,0,
T08,164,0,
T08,165,0,
T08,166,0,
T08,167,0,
T08,168,0,
T08,169,0,
T08,170,0,
T08,171,0,
T08,172,0,
T08,173,0,
T08,174,0,
T08,175,0,
T08,176,0,
T08,177,0,
T08,178,0,
T08,179,0,
T08,180,0,
T08,181,0,
T08,182,0,
T08,183,0,
T08,184,0,
T08,185,0,
T08,186,0,
T08,187,0,
T08,188,0,
T08,189,0,
T08,190,0,
T08,191,0,
T08,192,0,
T08,193,0,
T08,194,0,
T08,195,0,
T08,196,0,
T08,197,0,
T08,198,0,
T08,199,0,
T08,200,0,
T08,201,0,
T08,202,0,
T08,203,0,
T08,204,0,
T08,205,0,
T08,206,0,
T08,207,0,
T08,208,0,
T08,209,0,
T08,210,0,
T08,211,0,
T08,212,0,
T08,213,0,
T08,214,0,
T08,215,0,
T08,216,0,
T08,217,0,
T08,218,0,
T08,219,0,
T08,220,0,
T08,221,0,
T08,222,0,
T08,223,0,
T08,224,0,
T08,225,0,
T08,226,0,
T08,227,0,
T08,228,0,
T08,229,0,
T08,230,0,
T08,231,0,
T08,232,0,
T08,233,0,
T08,234,0,
T08,235,0,
T08,236,0,
T08,237,0,
T08,238,0,
T08,239,0,
T08,240,0,
T08,241,0,
T08,242,0,
T08,243,0,
T08,244,0,
T08,245,0,
T08,246,0,
T08,247,0,
T08,248,0,
T08,249,0,
T08,250,0,
T08,251,0,
T08,252,0,
T08,253,0,
T08,254,0,
T08,255,0,
T08,256,0,
T08,257,0,
T08,258,0,
T08,259,0,
T08,260,0,
T08,261,0,
T08,262,0,
T08,263,0,
T08,264,0,
T08,265,0,
T08,266,0,
T08,267,0,
T08,268,0,
T08,269,0,
T08,270,0,
T08,271,0,
T08,272,0,
T08,273,0,
T08,274,0,
T08,275,0,
T08,276,0,
T08,277,0,
T08,278,0,
T08,279,0,
T08,280,0,
T08,281,0,
T08,282,0,
T08,283,0,
T08,284,0,
T08,285,0,
T08,286,0,
T08,287,0,
T08,288,0,
T08,289,0,
T08,290,0,
T08,291,0,
T08,292,0,
T08,293,0,
T08,294,0,
T08,295,0,
T08,296,0,
T08,297,0,
T08,298,0,
T08,299,0,
T08,300,0,
T08,301,0,
T08,302,0,
T08,303,0,
T08,304,0,
T08,305,0,
T08,306,0,
T08,307,0,
T08,308,0,
T08,309,0,
T08,310,0,
T08,311,0,
T08,312,0,
T08,313,0,
T08,314,0,
T08,315,0,
T08,316,0,
T08,317,0,
T08,318,0,
T08,319,0,
T08,320,0,
T08,321,0,
T08,322,0,
T08,323,0,
T08,324,0,
T08,325,0,
T08,326,0,
T08,327,0,
T08,328,0,
T08,329,0,
T08,330,0,
T08,331,0,
T08,332,0,
T08,333,0,
T08,334,0,
T08,335,0,
T08,336,0,
T08,337,0,
T08,338,0,
T08,339,0,
T08,340,0,
T08,341,0,
T08,342,0,
T08,343,0,
T08,344,0,
T08,345,0,
T08,346,0,
T08,347,0,
T08,348,0,
T08,349,0,
T08,350,0,
T08,351,0,
T08,352,0,
T08,353,0,
T08,354,0,
T08,355,0,
T08,356,0,
T08,357,0,
T08,358,0,
T08,359,0,
T09,0,0,
T09,1,0,
T09,2,0,
T09,3,0,
T09,4,0,
T09,5,0,
T09,6,0,
T09,7,0,
T09,8,0,
T09,9,0,
T09,10,0,
T09,11,0,
T09,12,0,
T09,13,0,
T09,14,0,
T09,15,0,
T09,16,0,
T09,17,0,
T09,18,0,
T09,19,0,
T09,20,0,
T09,21,0,
T09,22,0,
T09,23,0,
T09,24,0,
T09,25,0,
T09,26,0,
T09,27,0,
T09,28,0,
T09,29,0,
T09,30,0,
T09,31,0,
T09,32,0,
T09,33,0,
T09,34,0,
T09,35,0,
T09,36,0,
T09,37,0,
T09,38,0,
T09,39,0,
T09,40,0,
T09,41,0,
T09,42,0,
T09,43,0,
T09,44,0,
T09,45,0,
T09,46,0,
T09,47,0,
T09,48,0,
T09,49,0,
T09,50,0,
T09,51,0,
T09,52,0,
T09,53,0,
T09,54,0,
T09,55,0,
T09,56,0,
T09,57,0,
T09,58,0,
T09,59,0,
T09,60,0,
T09,61,0,
T09,62,0,
T09,63,0,
T09,64,0,
T09,65,0,
T09,66,0,
T09,67,0,
T09,68,0,
T09,69,0,
T09,70,0,
T09,71,0,
T09,72,0,
T09,73,0,
T09,74,0,
T09,75,0,
T09,76,0,
T09,77,0,
T09,78,0,
T09,79,0,
T09,80,0,
T09,81,0,
T09,82,0,
T09,83,0,
T09,84,0,
T09,85,0,
T09,86,0,
T09,87,0,
T09,88,0,
T09,89,0,
T09,90,0,
T09,91,0,
T09,92,0,
T09,93,0,
T09,94,0,
T09,95,0,
T09,96,0,
T09,97,0,
T09,98,0,
T09,99,0,
T09,100,0,
T09,101,0,
T09,102,0,
T09,103,0,
T09,104,0,
T09,105,0,
T09,106,0,
T09,107,0,
T09,108,0,
T09,109,0,
T09,110,0,
T09,111,0,
T09,112,0,
T09,113,0,
T09,114,0,
T09,115,0,
T09,116,0,
T09,117,0,
T09,118,0,
T09,119,0,
T09,120,0,
T09,121,0,
T09,122,0,
T09,123,0,
T09,124,0,
T09,125,0,
T09,126,0,
T09,127,0,
T09,128,0,
T09,129,0,
T09,130,0,
T09,131,0,
T09,132,0,
T09,133,0,
T09,134,0,
T09,135,0,
T09,136,0,
T09,137,0,
T09,138,0,
T09,139,0,
T09,140,0,
T09,141,0,
T09,142,0,
T09,143,0,
T09,144,0,
T09,145,0,
T09,146,0,
T09,147,0,
T09,148,0,
T09,149,0,
T09,150,0,
T09,151,0,
T09,152,0,
T09,153,0,
T09,154,0,
T09,155,0,
T09,156,0,
T09,157,0,
T09,158,0,
T09,159,0,
T09,160,0,
T09,161,0,
T09,162,0,
T09,163,0,
T09,164,0,
T09,165,0,
T09,166,0,
T09,167,0,
T09,168,0,
T09,169,0,
T09,170,0,
T09,171,0,
T09,172,0,
T09,173,0,
T09,174,0,
T09,175,0,
T09,176,0,
T09,177,0,
T09,178,0,
T09,179,0,
T09,180,0,
T09,181,0,
T09,182,0,
T09,183,0,
T09,184,0,
T09,185,0,
T09,186,0,
T09,187,0,
T09,188,0,
T09,189,0,
T09,190,0,
T09,191,0,
T09,192,0,
T09,193,0,
T09,194,0,
T09,195,0,
T09,196,0,
T09,197,0,
T09,198,0,
T09,199,0,
T09,200,0,
T09,201,0,
T09,202,0,
T09,203,0,
T09,204,0,
T09,205,0,
T09,206,0,
T09,207,0,
T09,208,0,
T09,209,0,
T09,210,0,
T09,211,0,
T09,212,0,
T09,213,0,
T09,214,0,
T09,215,0,
T09,216,0,
T09,217,0,
T09,218,0,
T09,219,0,
T09,220,0,
T09,221,0,
T09,222,0,
T09,223,0,
T09,224,0,
T09,225,0,
T09,226,0,
T09,227,0,
T09,228,0,
T09,229,0,
T09,230,0,
T09,231,0,
T09,232,0,
T09,233,0,
T09,234,0,
T09,235,0,
T09,236,0,
T09,237,0,
T09,238,0,
T09,239,0,
T09,240,0,
T09,241,0,
T09,242,0,
T09,243,0,
T09,244,0,
T09,245,0,
T09,246,0,
T09,247,0,
T09,248,0,
T09,249,0,
T09,250,0,
T09,251,0,
T09,252,0,
T09,253,0,
T09,254,0,
T09,255,0,
T09,256,0,
T09,257,0,
T09,258,0,
T09,259,0,
T09,260,0,
T09,261,0,
T09,262,0,
T09,263,0,
T09,264,0,
T09,265,0,
T09,266,0,
T09,267,0,
T09,268,0,
T09,269,0,
T09,270,0,
T09,271,0,
T09,272,0,
T09,273,0,
T09,274,0,
T09,275,0,
T09,276,0,
T09,277,0,
T09,278,0,
T09,279,0,
T09,280,0,
T09,281,0,
T09,282,0,
T09,283,0,
T09,284,0,
T09,285,0,
T09,286,0,
T09,287,0,
T09,288,0,
T09,289,0,
T09,290,0,
T09,291,0,
T09,292,0,
T09,293,0,
T09,294,0,
T09,295,0,
T09,296,0,
T09,297,0,
T09,298,0,
T09,299,0,
T09,300,0,
T09,301,0,
T09,302,0,
T09,303,0,
T09,304,0,
T09,305,0,
T09,306,0,
T09,307,0,
T09,308,0,
T09,309,0,
T09,310,0,
T09,311,0,
T09,312,0,
T09,313,0,
T09,314,0,
T09,315,0,
T09,316,0,
T09,317,0,
T09,318,0,
T09,319,0,
T09,320,0,
T09,321,0,
T09,322,0,
T09,323,0,
T09,324,0,
T09,325,0,
T09,326,0,
T09,327,0,
T09,328,0,
T09,329,0,
T09,330,0,
T09,331,0,
T09,332,0,
T09,333,0,
T09,334,0,
T09,335,0,
T09,336,0,
T09,337,0,
T09,338,0,
T09,339,0,
T09,340,0,
T09,341,0,
T09,342,0,
T09,343,0,
T09,344,0,
T09,345,0,
T09,346,0,
T09,347,0,
T09,348,0,
T09,349,0,
T09,350,0,
T09,351,0,
T09,352,0,
T09,353,0,
T09,354,0,
T09,355,0,
T09,356,0,
T09,357,0,
T09,358,0,
T09,359,0,
T10,0,0,
T10,1,0,
T10,2,0,
T10,3,0,
T10,4,0,
T10,5,0,
T10,6,0,
T10,7,0,
T10,8,0,
T10,9,0,
T10,10,0,
T10,11,0,
T10,12,0,
T10,13,0,
T10,14,0,
T10,15,0,
T10,16,0,
T10,17,0,
T10,18,0,
T10,19,0,
T10,20,0,
T10,21,0,
T10,22,0,
T10,23,0,
T10,24,0,
T10,25,0,
T10,26,0,
T10,27,0,
T10,28,0,
T10,29,0,
T10,30,0,
T10,31,0,
T10,32,0,
T10,33,0,
T10,34,0,
T10,35,0,
T10,36,0,
T10,37,0,
T10,38,0,
T10,39,0,
T10,40,0,
T10,41,0,
T10,42,0,
T10,43,0,
T10,44,0,
T10,45,0,
T10,46,0,
T10,47,0,
T10,48,0,
T10,49,0,
T10,50,0,
T10,51,0,
T10,52,0,
T10,53,0,
T10,54,0,
T10,55,0,
T10,56,0,
T10,57,0,
T10,58,0,
T10,59,0,
T10,60,0,
T10,61,0,
T10,62,0,
T10,63,0,
T10,64,0,
T10,65,0,
T10,66,0,
T10,67,0,
T10,68,0,
T10,69,0,
T10,70,0,
T10,71,0,
T10,72,0,
T10,73,0,
T10,74,0,
T10,75,0,
T10,76,0,
T10,77,0,
T10,78,0,
T10,79,0,
T10,80,0,
T10,81,0,
T10,82,0,
T10,83,0,
T10,84,0,
T10,85,0,
T10,86,0,
T10,87,0,
T10,88,0,
T10,89,0,
T10,90,0,
T10,91,0,
T10,92,0,
T10,93,0,
T10,94,0,
T10,95,0,
T10,96,0,
T10,97,0,
T10,98,0,
T10,99,0,
T10,100,0,
T10,101,0,
T10,102,0,
T10,103,0,
T10,104,0,
T10,105,0,
T10,106,0,
T10,107,0,
T10,108,0,
T10,109,0,
T10,110,0,
T10,111,0,
T10,112,0,
T10,113,0,
T10,114,0,
T10,115,0,
T10,116,0,
T10,117,0,
T10,118,0,
T10,119,0,
T10,120,0,
T10,121,0,
T10,122,0,
T10,123,0,
T10,124,0,
T10,125,0,
T10,126,0,
T10,127,0,
T10,128,0,
T10,129,0,
T10,130,0,
T10,131,0,
T10,132,0,
T10,133,0,
T10,134,0,
T10,135,0,
T10,136,0,
T10,137,0,
T10,138,0,
T10,139,0,
T10,140,0,
T10,141,0,
T10,142,0,
T10,143,0,
T10,144,0,
T10,145,0,
T10,146,0,
T10,147,0,
T10,148,0,
T10,149,0,
T10,150,0,
T10,151,0,
T10,152,0,
T10,153,0,
T10,154,0,
T10,155,0,
T10,156,0,
T10,157,0,
T10,158,0,
T10,159,0,
T10,160,0,
T10,161,0,
T10,162,0,
T10,163,0,
T10,164,0,
T10,165,0,
T10,166,0,
T10,167,0,
T10,168,0,
T10,169,0,
T10,170,0,
T10,171,0,
T10,172,0,
T10,173,0,
T10,174,0,
T10,175,0,
T10,176,0,
T10,177,0,
T10,178,0,
T10,179,0,
T10,180,0,
T10,181,0,
T10,182,0,
T10,183,0,
T10,184,0,
T10,185,0,
T10,186,0,
T10,187,0,
T10,188,0,
T10,189,0,
T10,190,0,
T10,191,0,
T10,192,0,
T10,193,0,
T10,194,0,
T10,195,0,
T10,196,0,
T10,197,0,
T10,198,0,
T10,199,0,
T10,200,0,
T10,201,0,
T10,202,0,
T10,203,0,
T10,204,0,
T10,205,0,
T10,206,0,
T10,207,0,
T10,208,0,
T10,209,0,
T10,210,0,
T10,211,0,
T10,212,0,
T10,213,0,
T10,214,0,
T10,215,0,
T10,216,0,
T10,217,0,
T10,218,0,
T10,219,0,
T10,220,0,
T10,221,0,
T10,222,0,
T10,223,0,
T10,224,0,
T10,225,0,
T10,226,0,
T10,227,0,
T10,228,0,
T10,229,0,
T10,230,0,
T10,231,0,
T10,232,0,
T10,233,0,
T10,234,0,
T10,235,0,
T10,236,0,
T10,237,0,
T10,238,0,
T10,239,0,
T10,240,0,
T10,241,0,
T10,242,0,
T10,243,0,
T10,244,0,
T10,245,0,
T10,246,0,
T10,247,0,
T10,248,0,
T10,249,0,
T10,250,0,
T10,251,0,
T10,252,0,
T10,253,0,
T10,254,0,
T10,255,0,
T10,256,0,
T10,257,0,
T10,258,0,
T10,259,0,
T10,260,0,
T10,261,0,
T10,262,0,
T10,263,0,
T10,264,0,
T10,265,0,
T10,266,0,
T10,267,0,
T10,268,0,
T10,269,0,
T10,270,0,
T10,271,0,
T10,272,0,
T10,273,0,
T10,274,0,
T10,275,0,
T10,276,0,
T10,277,0,
T10,278,0,
T10,279,0,
T10,280,0,
T10,281,0,
T10,282,0,
T10,283,0,
T10,284,0,
T10,285,0,
T10,286,0,
T10,287,0,
T10,288,0,
T10,289,0,
T10,290,0,
T10,291,0,
T10,292,0,
T10,293,0,
T10,294,0,
T10,295,0,
T10,296,0,
T10,297,0,
T10,298,0,
T10,299,0,
T10,300,0,
T10,301,0,
T10,302,0,
T10,303,0,
T10,304,0,
T10,305,0,
T10,306,0,
T10,307,0,
T10,308,0,
T10,309,0,
T10,310,0,
T10,311,0,
T10,312,0,
T10,313,0,
T10,314,0,
T10,315,0,
T10,316,0,
T10,317,0,
T10,318,0,
T10,319,0,
T10,320,0,
T10,321,0,
T10,322,0,
T10,323,0,
T10,324,0,
T10,325,0,
T10,326,0,
T10,327,0,
T10,328,0,
T10,329,0,
T10,330,0,
T10,331,0,
T10,332,0,
T10,333,0,
T10,334,0,
T10,335,0,
T10,336,0,
T10,337,0,
T10,338,0,
T10,339,0,
T10,340,0,
T10,341,0,
T10,342,0,
T10,343,0,
T10,344,0,
T10,345,0,
T10,346,0,
T10,347,0,
T10,348,0,
T10,349,0,
T10,350,0,
T10,351,0,
T10,352,0,
T10,353,0,
T10,354,0,
T10,355,0,
T10,356,0,
T10,357,0,
T10,358,0,
T10,359,0,
T11,0,0,
T11,1,0,
T11,2,0,
T11,3,0,
T11,4,0,
T11,5,0,
T11,6,0,
T11,7,0,
T11,8,0,
T11,9,0,
T11,10,0,
T11,11,0,
T11,12,0,
T11,13,0,
T11,14,0,
T11,15,0,
T11,16,0,
T11,17,0,
T11,18,0,
T11,19,0,
T11,20,0,
T11,21,0,
T11,22,0,
T11,23,0,
T11,24,0,
T11,25,0,
T11,26,0,
T11,27,0,
T11,28,0,
T11,29,0,
T11,30,0,
T11,31,0,
T11,32,0,
T11,33,0,
T11,34,0,
T11,35,0,
T11,36,0,
T11,37,0,
T11,38,0,
T11,39,0,
T11,40,0,
T11,41,0,
T11,42,0,
T11,43,0,
T11,44,0,
T11,45,0,
T11,46,0,
T11,47,0,
T11,48,0,
T11,49,0,
T11,50,0,
T11,51,0,
T11,52,0,
T11,53,0,
T11,54,0,
T11,55,0,
T11,56,0,
T11,57,0,
T11,58,0,
T11,59,0,
T11,60,0,
T11,61,0,
T11,62,0,
T11,63,0,
T11,64,0,
T11,65,0,
T11,66,0,
T11,67,0,
T11,68,0,
T11,69,0,
T11,70,0,
T11,71,0,
T11,72,0,
T11,73,0,
T11,74,0,
T11,75,0,
T11,76,0,
T11,77,0,
T11,78,0,
T11,79,0,
T11,80,0,
T11,81,0,
T11,82,0,
T11,83,0,
T11,84,0,
T11,85,0,
T11,86,0,
T11,87,0,
T11,88,0,
T11,89,0,
T11,90,0,
T11,91,0,
T11,92,0,
T11,93,0,
T11,94,0,
T11,95,0,
T11,96,0,
T11,97,0,
T11,98,0,
T11,99,0,
T11,100,0,
T11,101,0,
T11,102,0,
T11,103,0,
T11,104,0,
T11,105,0,
T11,106,0,
T11,107,0,
T11,108,0,
T11,109,0,
T11,110,0,
T11,111,0,
T11,112,0,
T11,113,0,
T11,114,0,
T11,115,0,
T11,116,0,
T11,117,0,
T11,118,0,
T11,119,0,
T11,120,0,
T11,121,0,
T11,122,0,
T11,123,0,
T11,124,0,
T11,125,0,
T11,126,0,
T11,127,0,
T11,128,0,
T11,129,0,
T11,130,0,
T11,131,0,
T11,132,0,
T11,133,0,
T11,134,0,
T11,135,0,
T11,136,0,
T11,137,0,
T11,138,0,
T11,139,0,
T11,140,0,
T11,141,0,
T11,142,0,
T11,143,0,
T11,144,0,
T11,145,0,
T11,146,0,
T11,147,0,
T11,148,0,
T11,149,0,
T11,150,0,
T11,151,0,
T11,152,0,
T11,153,0,
T11,154,0,
T11,155,0,
T11,156,0,
T11,157,0,
T11,158,0,
T11,159,0,
T11,160,0,
T11,161,0,
T11,162,0,
T11,163,0,
T11,164,0,
T11,165,0,
T11,166,0,
T11,167,0,
T11,168,0,
T11,169,0,
T11,170,0,
T11,171,0,
T11,172,0,
T11,173,0,
T11,174,0,
T11,175,0,
T11,176,0,
T11,177,0,
T11,178,0,
T11,179,0,
T11,180,0,
T11,181,0,
T11,182,0,
T11,183,0,
T11,184,0,
T11,185,0,
T11,186,0,
T11,187,0,
T11,188,0,
T11,189,0,
T11,190,0,
T11,191,0,
T11,192,0,
T11,193,0,
T11,194,0,
T11,195,0,
T11,196,0,
T11,197,0,
T11,198,0,
T11,199,0,
T11,200,0,
T11,201,0,
T11,202,0,
T11,203,0,
T11,204,0,
T11,205,0,
T11,206,0,
T11,207,0,
T11,208,0,
T11,209,0,
T11,210,0,
T11,211,0,
T11,212,0,
T11,213,0,
T11,214,0,
T11,215,0,
T11,216,0,
T11,217,0,
T11,218,0,
T11,219,0,
T11,220,0,
T11,221,0,
T11,222,0,
T11,223,0,
T11,224,0,
T11,225,0,
T11,226,0,
T11,227,0,
T11,228,-10.625,T14
T11,229,-11.71875,T14
T11,230,-15,T14
T11,231,-15,T14
T11,232,-15,T14
T11,233,-15,T14
T11,234,-15,T14
T11,235,-15,T14
T11,236,-15,T14
T11,237,-15,T14
T11,238,20,T14
T11,239,20,T14
T11,240,20,T14
T11,241,20,T14
T11,242,20,T14
T11,243,20,T14
T11,244,18.90625,T14
T11,245,16.71875,T14
T11,246,15.625,T14
T11,247,13.4375,T14
T11,248,11.25,T14
T11,249,9.0625,T14
T11,250,6.875,T14
T11,251,4.6875,T14
T11,252,4.6875,T14
T11,253,2.5,T14
T11,254,2.5,T14
T11,255,2.5,T14
T11,256,0,
T11,257,0,
T11,258,0,
T11,259,0,
T11,260,0,
T11,261,0,
T11,262,0,
T11,263,0,
T11,264,0,
T11,265,0,
T11,266,0,
T11,267,0,
T11,268,0,
T11,269,0,
T11,270,-4.0625,T12
T11,271,-6.25,T12
T11,272,-8.4375,T12
T11,273,-8.4375,T12
T11,274,-10.625,T12
T11,275,-13.90625,T12
T11,276,-15,T12
T11,277,-15,T12
T11,278,-15,T12
T11,279,-15,T12
T11,280,-15,T12
T11,281,-15,T12
T11,282,-15,T12
T11,283,-15,T12
T11,284,20,T12
T11,285,20,T12
T11,286,20,T12
T11,287,20,T12
T11,288,20,T12
T11,289,18.90625,T12
T11,290,16.71875,T12
T11,291,15.625,T12
T11,292,13.4375,T12
T11,293,11.25,T12
T11,294,9.0625,T12
T11,295,6.875,T12
T11,296,4.6875,T12
T11,297,2.5,T12
T11,298,2.5,T12
T11,299,2.5,T12
T11,300,0,
T11,301,0,
T11,302,0,
T11,303,0,
T11,304,0,
T11,305,0,
T11,306,0,
T11,307,0,
T11,308,0,
T11,309,0,
T11,310,0,
T11,311,0,
T11,312,0,
T11,313,0,
T11,314,0,
T11,315,0,
T11,316,0,
T11,317,0,
T11,318,0,
T11,319,0,
T11,320,0,
T11,321,0,
T11,322,0,
T11,323,0,
T11,324,0,
T11,325,0,
T11,326,0,
T11,327,0,
T11,328,0,
T11,329,0,
T11,330,0,
T11,331,0,
T11,332,0,
T11,333,0,
T11,334,0,
T11,335,0,
T11,336,0,
T11,337,0,
T11,338,0,
T11,339,0,
T11,340,0,
T11,341,0,
T11,342,0,
T11,343,0,
T11,344,0,
T11,345,0,
T11,346,0,
T11,347,0,
T11,348,0,
T11,349,0,
T11,350,0,
T11,351,0,
T11,352,0,
T11,353,0,
T11,354,0,
T11,355,0,
T11,356,0,
T11,357,0,
T11,358,0,
T11,359,0,
T12,0,0,
T12,1,0,
T12,2,0,
T12,3,0,
T12,4,0,
T12,5,0,
T12,6,0,
T12,7,0,
T12,8,0,
T12,9,0,
T12,10,0,
T12,11,0,
T12,12,0,
T12,13,0,
T12,14,0,
T12,15,0,
T12,16,0,
T12,17,0,
T12,18,0,
T12,19,0,
T12,20,0,
T12,21,0,
T12,22,0,
T12,23,0,
T12,24,0,
T12,25,0,
T12,26,0,
T12,27,0,
T12,28,0,
T12,29,0,
T12,30,0,
T12,31,0,
T12,32,0,
T12,33,0,
T12,34,0,
T12,35,0,
T12,36,0,
T12,37,0,
T12,38,0,
T12,39,0,
T12,40,0,
T12,41,0,
T12,42,0,
T12,43,0,
T12,44,0,
T12,45,0,
T12,46,0,
T12,47,0,
T12,48,0,
T12,49,0,
T12,50,0,
T12,51,0,
T12,52,0,
T12,53,0,
T12,54,0,
T12,55,0,
T12,56,0,
T12,57,0,
T12,58,0,
T12,59,0,
T12,60,0,
T12,61,0,
T12,62,0,
T12,63,0,
T12,64,0,
T12,65,0,
T12,66,0,
T12,67,0,
T12,68,0,
T12,69,0,
T12,70,0,
T12,71,0,
T12,72,0,
T12,73,0,
T12,74,0,
T12,75,0,
T12,76,0,
T12,77,0,
T12,78,0,
T12,79,0,
T12,80,0,
T12,81,0,
T12,82,0,
T12,83,0,
T12,84,0,
T12,85,0,
T12,86,0,
T12,87,0,
T12,88,0,
T12,89,0,
T12,90,0,
T12,91,0,
T12,92,0,
T12,93,0,
T12,94,0,
T12,95,0,
T12,96,0,
T12,97,0,
T12,98,0,
T12,99,0,
T12,100,0,
T12,101,0,
T12,102,0,
T12,103,0,
T12,104,0,
T12,105,0,
T12,106,0,
T12,107,0,
T12,108,0,
T12,109,0,
T12,110,0,
T12,111,0,
T12,112,0,
T12,113,0,
T12,114,0,
T12,115,0,
T12,116,0,
T12,117,0,
T12,118,0,
T12,119,0,
T12,120,0,
T12,121,0,
T12,122,0,
T12,123,0,
T12,124,0,
T12,125,0,
T12,126,0,
T12,127,0,
T12,128,0,
T12,129,0,
T12,130,0,
T12,131,0,
T12,132,0,
T12,133,0,
T12,134,0,
T12,135,0,
T12,136,0,
T12,137,0,
T12,138,0,
T12,139,0,
T12,140,0,
T12,141,0,
T12,142,0,
T12,143,0,
T12,144,0,
T12,145,0,
T12,146,0,
T12,147,0,
T12,148,0,
T12,149,0,
T12,150,0,
T12,151,0,
T12,152,0,
T12,153,0,
T12,154,0,
T12,155,0,
T12,156,0,
T12,157,0,
T12,158,0,
T12,159,0,
T12,160,0,
T12,161,0,
T12,162,0,
T12,163,0,
T12,164,0,
T12,165,0,
T12,166,0,
T12,167,0,
T12,168,0,
T12,169,0,
T12,170,0,
T12,171,0,
T12,172,0,
T12,173,0,
T12,174,0,
T12,175,0,
T12,176,0,
T12,177,0,
T12,178,0,
T12,179,0,
T12,180,0,
T12,181,0,
T12,182,0,
T12,183,0,
T12,184,0,
T12,185,0,
T12,186,0,
T12,187,0,
T12,188,0,
T12,189,0,
T12,190,0,
T12,191,0,
T12,192,0,
T12,193,0,
T12,194,0,
T12,195,0,
T12,196,0,
T12,197,0,
T12,198,0,
T12,199,0,
T12,200,0,
T12,201,0,
T12,202,0,
T12,203,0,
T12,204,0,
T12,205,0,
T12,206,0,
T12,207,0,
T12,208,0,
T12,209,0,
T12,210,0,
T12,211,0,
T12,212,0,
T12,213,0,
T12,214,0,
T12,215,0,
T12,216,0,
T12,217,0,
T12,218,0,
T12,219,0,
T12,220,0,
T12,221,0,
T12,222,0,
T12,223,0,
T12,224,0,
T12,225,0,
T12,226,0,
T12,227,0,
T12,228,0,
T12,229,0,
T12,230,0,
T12,231,0,
T12,232,0,
T12,233,0,
T12,234,0,
T12,235,0,
T12,236,0,
T12,237,0,
T12,238,0,
T12,239,0,
T12,240,0,
T12,241,0,
T12,242,0,
T12,243,0,
T12,244,0,
T12,245,0,
T12,246,0,
T12,247,0,
T12,248,0,
T12,249,0,
T12,250,0,
T12,251,0,
T12,252,0,
T12,253,0,
T12,254,0,
T12,255,0,
T12,256,0,
T12,257,0,
T12,258,0,
T12,259,0,
T12,260,0,
T12,261,0,
T12,262,0,
T12,263,0,
T12,264,0,
T12,265,0,
T12,266,0,
T12,267,0,
T12,268,0,
T12,269,0,
T12,270,0,
T12,271,0,
T12,272,0,
T12,273,0,
T12,274,0,
T12,275,0,
T12,276,0,
T12,277,0,
T12,278,0,
T12,279,0,
T12,280,0,
T12,281,0,
T12,282,0,
T12,283,0,
T12,284,0,
T12,285,0,
T12,286,0,
T12,287,0,
T12,288,0,
T12,289,0,
T12,290,0,
T12,291,0,
T12,292,0,
T12,293,0,
T12,294,0,
T12,295,0,
T12,296,0,
T12,297,0,
T12,298,0,
T12,299,0,
T12,300,0,
T12,301,0,
T12,302,0,
T12,303,0,
T12,304,0,
T12,305,0,
T12,306,0,
T12,307,0,
T12,308,0,
T12,309,0,
T12,310,0,
T12,311,0,
T12,312,0,
T12,313,0,
T12,314,0,
T12,315,0,
T12,316,0,
T12,317,0,
T12,318,0,
T12,319,0,
T12,320,0,
T12,321,0,
T12,322,0,
T12,323,0,
T12,324,0,
T12,325,0,
T12,326,0,
T12,327,0,
T12,328,0,
T12,329,0,
T12,330,0,
T12,331,0,
T12,332,0,
T12,333,0,
T12,334,0,
T12,335,0,
T12,336,0,
T12,337,0,
T12,338,0,
T12,339,0,
T12,340,0,
T12,341,0,
T12,342,0,
T12,343,0,
T12,344,0,
T12,345,0,
T12,346,0,
T12,347,0,
T12,348,0,
T12,349,0,
T12,350,0,
T12,351,0,
T12,352,0,
T12,353,0,
T12,354,0,
T12,355,0,
T12,356,0,
T12,357,0,
T12,358,0,
T12,359,0,
T13,0,0,
T13,1,0,
T13,2,0,
T13,3,0,
T13,4,0,
T13,5,0,
T13,6,0,
T13,7,0,
T13,8,0,
T13,9,0,
T13,10,0,
T13,11,0,
T13,12,0,
T13,13,0,
T13,14,0,
T13,15,0,
T13,16,0,
T13,17,0,
T13,18,0,
T13,19,0,
T13,20,0,
T13,21,0,
T13,22,0,
T13,23,0,
T13,24,0,
T13,25,0,
T13,26,0,
T13,27,0,
T13,28,0,
T13,29,0,
T13,30,0,
T13,31,0,
T13,32,0,
T13,33,0,
T13,34,0,
T13,35,0,
T13,36,0,
T13,37,0,
T13,38,0,
T13,39,0,
T13,40,0,
T13,41,0,
T13,42,0,
T13,43,0,
T13,44,0,
T13,45,0,
T13,46,0,
T13,47,0,
T13,48,0,
T13,49,0,
T13,50,0,
T13,51,0,
T13,52,0,
T13,53,0,
T13,54,0,
T13,55,0,
T13,56,0,
T13,57,0,
T13,58,0,
T13,59,0,
T13,60,0,
T13,61,0,
T13,62,0,
T13,63,0,
T13,64,0,
T13,65,0,
T13,66,0,
T13,67,0,
T13,68,0,
T13,69,0,
T13,70,0,
T13,71,0,
T13,72,0,
T13,73,0,
T13,74,0,
T13,75,0,
T13,76,0,
T13,77,0,
T13,78,0,
T13,79,0,
T13,80,0,
T13,81,0,
T13,82,0,
T13,83,0,
T13,84,0,
T13,85,0,
T13,86,0,
T13,87,0,
T13,88,0,
T13,89,0,
T13,90,0,
T13,91,0,
T13,92,0,
T13,93,0,
T13,94,0,
T13,95,0,
T13,96,0,
T13,97,0,
T13,98,0,
T13,99,0,
T13,100,0,
T13,101,0,
T13,102,0,
T13,103,0,
T13,104,0,
T13,105,0,
T13,106,0,
T13,107,0,
T13,108,0,
T13,109,0,
T13,110,0,
T13,111,0,
T13,112,0,
T13,113,0,
T13,114,0,
T13,115,0,
T13,116,0,
T13,117,0,
T13,118,0,
T13,119,0,
T13,120,0,
T13,121,0,
T13,122,0,
T13,123,0,
T13,124,0,
T13,125,0,
T13,126,0,
T13,127,0,
T13,128,0,
T13,129,0,
T13,130,0,
T13,131,0,
T13,132,0,
T13,133,0,
T13,134,0,
T13,135,0,
T13,136,0,
T13,137,0,
T13,138,0,
T13,139,0,
T13,140,0,
T13,141,0,
T13,142,0,
T13,143,0,
T13,144,0,
T13,145,0,
T13,146,0,
T13,147,0,
T13,148,0,
T13,149,0,
T13,150,0,
T13,151,0,
T13,152,0,
T13,153,0,
T13,154,0,
T13,155,0,
T13,156,0,
T13,157,0,
T13,158,0,
T13,159,0,
T13,160,0,
T13,161,0,
T13,162,0,
T13,163,0,
T13,164,0,
T13,165,0,
T13,166,0,
T13,167,0,
T13,168,0,
T13,169,0,
T13,170,0,
T13,171,0,
T13,172,0,
T13,173,0,
T13,174,0,
T13,175,0,
T13,176,0,
T13,177,0,
T13,178,0,
T13,179,0,
T13,180,0,
T13,181,0,
T13,182,0,
T13,183,0,
T13,184,0,
T13,185,0,
T13,186,0,
T13,187,0,
T13,188,0,
T13,189,0,
T13,190,0,
T13,191,0,
T13,192,0,
T13,193,0,
T13,194,0,
T13,195,0,
T13,196,0,
T13,197,0,
T13,198,0,
T13,199,0,
T13,200,0,
T13,201,0,
T13,202,0,
T13,203,0,
T13,204,0,
T13,205,0,
T13,206,0,
T13,207,0,
T13,208,0,
T13,209,0,
T13,210,0,
T13,211,0,
T13,212,0,
T13,213,0,
T13,214,0,
T13,215,0,
T13,216,0,
T13,217,0,
T13,218,0,
T13,219,0,
T13,220,0,
T13,221,0,
T13,222,0,
T13,223,0,
T13,224,0,
T13,225,0,
T13,226,0,
T13,227,0,
T13,228,0,
T13,229,0,
T13,230,0,
T13,231,0,
T13,232,0,
T13,233,0,
T13,234,0,
T13,235,0,
T13,236,0,
T13,237,0,
T13,238,0,
T13,239,0,
T13,240,0,
T13,241,0,
T13,242,0,
T13,243,0,
T13,244,0,
T13,245,0,
T13,246,0,
T13,247,0,
T13,248,0,
T13,249,0,
T13,250,0,
T13,251,0,
T13,252,0,
T13,253,0,
T13,254,0,
T13,255,0,
T13,256,0,
T13,257,0,
T13,258,0,
T13,259,0,
T13,260,0,
T13,261,0,
T13,262,0,
T13,263,0,
T13,264,0,
T13,265,0,
T13,266,0,
T13,267,0,
T13,268,0,
T13,269,0,
T13,270,0,
T13,271,0,
T13,272,0,
T13,273,0,
T13,274,0,
T13,275,0,
T13,276,0,
T13,277,0,
T13,278,0,
T13,279,0,
T13,280,0,
T13,281,0,
T13,282,0,
T13,283,0,
T13,284,0,
T13,285,0,
T13,286,0,
T13,287,0,
T13,288,0,
T13,289,0,
T13,290,0,
T13,291,0,
T13,292,0,
T13,293,0,
T13,294,0,
T13,295,0,
T13,296,0,
T13,297,0,
T13,298,0,
T13,299,0,
T13,300,0,
T13,301,0,
T13,302,0,
T13,303,0,
T13,304,0,
T13,305,0,
T13,306,0,
T13,307,0,
T13,308,0,
T13,309,0,
T13,310,0,
T13,311,0,
T13,312,0,
T13,313,0,
T13,314,0,
T13,315,0,
T13,316,0,
T13,317,0,
T13,318,0,
T13,319,0,
T13,320,0,
T13,321,0,
T13,322,0,
T13,323,0,
T13,324,0,
T13,325,0,
T13,326,0,
T13,327,0,
T13,328,0,
T13,329,0,
T13,330,0,
T13,331,0,
T13,332,0,
T13,333,0,
T13,334,0,
T13,335,0,
T13,336,0,
T13,337,0,
T13,338,0,
T13,339,0,
T13,340,0,
T13,341,0,
T13,342,0,
T13,343,0,
T13,344,0,
T13,345,0,
T13,346,0,
T13,347,0,
T13,348,0,
T13,349,0,
T13,350,0,
T13,351,0,
T13,352,0,
T13,353,0,
T13,354,0,
T13,355,0,
T13,356,0,
T13,357,0,
T13,358,0,
T13,359,0,
T14,0,0,
T14,1,0,
T14,2,4.6875,T12
T14,3,4.6875,T12
T14,4,2.5,T12
T14,5,2.5,T12
T14,6,2.5,T12
T14,7,0,
T14,8,0,
T14,9,0,
T14,10,0,
T14,11,0,
T14,12,0,
T14,13,0,
T14,14,0,
T14,15,0,
T14,16,0,
T14,17,0,
T14,18,0,
T14,19,0,
T14,20,0,
T14,21,0,
T14,22,0,
T14,23,0,
T14,24,0,
T14,25,0,
T14,26,0,
T14,27,0,
T14,28,0,
T14,29,0,
T14,30,0,
T14,31,0,
T14,32,0,
T14,33,0,
T14,34,0,
T14,35,0,
T14,36,0,
T14,37,0,
T14,38,0,
T14,39,0,
T14,40,0,
T14,41,0,
T14,42,0,
T14,43,0,
T14,44,-4.0625,T11
T14,45,-6.25,T11
T14,46,-8.4375,T11
T14,47,-8.4375,T11
T14,48,-10.625,T11
T14,49,-11.71875,T11
T14,50,-15,T11
T14,51,-15,T11
T14,52,-15,T11
T14,53,-15,T11
T14,54,-15,T11
T14,55,-15,T11
T14,56,-15,T11
T14,57,-15,T11
T14,58,20,T11
T14,59,20,T11
T14,60,20,T11
T14,61,20,T11
T14,62,20,T11
T14,63,20,T11
T14,64,18.90625,T11
T14,65,16.71875,T11
T14,66,15.625,T11
T14,67,13.4375,T11
T14,68,11.25,T11
T14,69,9.0625,T11
T14,70,6.875,T11
T14,71,4.6875,T11
T14,72,4.6875,T11
T14,73,2.5,T11
T14,74,2.5,T11
T14,75,2.5,T11
T14,76,0,
T14,77,0,
T14,78,0,
T14,79,0,
T14,80,0,
T14,81,0,
T14,82,0,
T14,83,0,
T14,84,0,
T14,85,0,
T14,86,0,
T14,87,0,
T14,88,0,
T14,89,0,
T14,90,0,
T14,91,0,
T14,92,0,
T14,93,0,
T14,94,0,
T14,95,0,
T14,96,0,
T14,97,0,
T14,98,0,
T14,99,0,
T14,100,0,
T14,101,0,
T14,102,0,
T14,103,0,
T14,104,0,
T14,105,0,
T14,106,0,
T14,107,0,
T14,108,0,
T14,109,0,
T14,110,0,
T14,111,0,
T14,112,0,
T14,113,0,
T14,114,0,
T14,115,0,
T14,116,0,
T14,117,0,
T14,118,0,
T14,119,0,
T14,120,0,
T14,121,0,
T14,122,0,
T14,123,0,
T14,124,0,
T14,125,0,
T14,126,0,
T14,127,0,
T14,128,0,
T14,129,0,
T14,130,0,
T14,131,0,
T14,132,0,
T14,133,0,
T14,134,0,
T14,135,0,
T14,136,0,
T14,137,0,
T14,138,0,
T14,139,0,
T14,140,0,
T14,141,0,
T14,142,0,
T14,143,0,
T14,144,0,
T14,145,0,
T14,146,0,
T14,147,0,
T14,148,0,
T14,149,0,
T14,150,0,
T14,151,0,
T14,152,0,
T14,153,0,
T14,154,0,
T14,155,0,
T14,156,0,
T14,157,0,
T14,158,0,
T14,159,0,
T14,160,0,
T14,161,0,
T14,162,0,
T14,163,0,
T14,164,0,
T14,165,0,
T14,166,0,
T14,167,0,
T14,168,0,
T14,169,0,
T14,170,0,
T14,171,0,
T14,172,0,
T14,173,0,
T14,174,0,
T14,175,0,
T14,176,0,
T14,177,0,
T14,178,0,
T14,179,0,
T14,180,0,
T14,181,0,
T14,182,0,
T14,183,0,
T14,184,0,
T14,185,0,
T14,186,0,
T14,187,0,
T14,188,0,
T14,189,0,
T14,190,0,
T14,191,0,
T14,192,0,
T14,193,0,
T14,194,0,
T14,195,0,
T14,196,0,
T14,197,0,
T14,198,0,
T14,199,0,
T14,200,0,
T14,201,0,
T14,202,0,
T14,203,0,
T14,204,0,
T14,205,0,
T14,206,0,
T14,207,0,
T14,208,0,
T14,209,0,
T14,210,0,
T14,211,0,
T14,212,0,
T14,213,0,
T14,214,0,
T14,215,0,
T14,216,0,
T14,217,0,
T14,218,0,
T14,219,0,
T14,220,0,
T14,221,0,
T14,222,0,
T14,223,0,
T14,224,0,
T14,225,0,
T14,226,0,
T14,227,0,
T14,228,0,
T14,229,0,
T14,230,0,
T14,231,0,
T14,232,0,
T14,233,0,
T14,234,0,
T14,235,0,
T14,236,0,
T14,237,0,
T14,238,0,
T14,239,0,
T14,240,0,
T14,241,0,
T14,242,0,
T14,243,0,
T14,244,0,
T14,245,0,
T14,246,0,
T14,247,0,
T14,248,0,
T14,249,0,
T14,250,0,
T14,251,0,
T14,252,0,
T14,253,0,
T14,254,0,
T14,255,0,
T14,256,0,
T14,257,0,
T14,258,0,
T14,259,0,
T14,260,0,
T14,261,0,
T14,262,0,
T14,263,0,
T14,264,0,
T14,265,0,
T14,266,0,
T14,267,0,
T14,268,0,
T14,269,0,
T14,270,0,
T14,271,0,
T14,272,0,
T14,273,0,
T14,274,0,
T14,275,0,
T14,276,0,
T14,277,0,
T14,278,0,
T14,279,0,
T14,280,0,
T14,281,0,
T14,282,0,
T14,283,0,
T14,284,0,
T14,285,0,
T14,286,0,
T14,287,0,
T14,288,0,
T14,289,0,
T14,290,0,
T14,291,0,
T14,292,0,
T14,293,0,
T14,294,0,
T14,295,0,
T14,296,0,
T14,297,0,
T14,298,0,
T14,299,0,
T14,300,0,
T14,301,0,
T14,302,0,
T14,303,0,
T14,304,0,
T14,305,0,
T14,306,0,
T14,307,0,
T14,308,0,
T14,309,0,
T14,310,0,
T14,311,0,
T14,312,0,
T14,313,0,
T14,314,0,
T14,315,0,
T14,316,0,
T14,317,0,
T14,318,0,
T14,319,0,
T14,320,0,
T14,321,0,
T14,322,0,
T14,323,0,
T14,324,0,
T14,325,0,
T14,326,0,
T14,327,0,
T14,328,0,
T14,329,0,
T14,330,0,
T14,331,0,
T14,332,0,
T14,333,0,
T14,334,0,
T14,335,0,
T14,336,0,
T14,337,0,
T14,338,0,
T14,339,0,
T14,340,0,
T14,341,0,
T14,342,0,
T14,343,0,
T14,344,0,
T14,345,0,
T14,346,0,
T14,347,0,
T14,348,0,
T14,349,0,
T14,350,0,
T14,351,0,
T14,352,0,
T14,353,0,
T14,354,0,
T14,355,0,
T14,356,0,
T14,357,0,
T14,358,0,
T14,359,0,
T15,0,0,
T15,1,0,
T15,2,0,
T15,3,0,
T15,4,0,
T15,5,0,
T15,6,0,
T15,7,0,
T15,8,0,
T15,9,0,
T15,10,0,
T15,11,0,
T15,12,0,
T15,13,0,
T15,14,0,
T15,15,0,
T15,16,0,
T15,17,0,
T15,18,0,
T15,19,0,
T15,20,0,
T15,21,0,
T15,22,0,
T15,23,0,
T15,24,0,
T15,25,0,
T15,26,0,
T15,27,0,
T15,28,0,
T15,29,0,
T15,30,0,
T15,31,0,
T15,32,0,
T15,33,0,
T15,34,0,
T15,35,0,
T15,36,0,
T15,37,0,
T15,38,0,
T15,39,0,
T15,40,0,
T15,41,0,
T15,42,0,
T15,43,0,
T15,44,0,
T15,45,0,
T15,46,0,
T15,47,0,
T15,48,0,
T15,49,0,
T15,50,0,
T15,51,0,
T15,52,0,
T15,53,0,
T15,54,0,
T15,55,0,
T15,56,0,
T15,57,0,
T15,58,0,
T15,59,0,
T15,60,0,
T15,61,0,
T15,62,0,
T15,63,0,
T15,64,0,
T15,65,0,
T15,66,0,
T15,67,0,
T15,68,0,
T15,69,0,
T15,70,0,
T15,71,0,
T15,72,0,
T15,73,0,
T15,74,0,
T15,75,0,
T15,76,0,
T15,77,0,
T15,78,0,
T15,79,0,
T15,80,0,
T15,81,0,
T15,82,0,
T15,83,0,
T15,84,0,
T15,85,0,
T15,86,0,
T15,87,0,
T15,88,0,
T15,89,0,
T15,90,0,
T15,91,0,
T15,92,0,
T15,93,0,
T15,94,0,
T15,95,0,
T15,96,0,
T15,97,0,
T15,98,0,
T15,99,0,
T15,100,0,
T15,101,0,
T15,102,0,
T15,103,0,
T15,104,0,
T15,105,0,
T15,106,0,
T15,107,0,
T15,108,0,
T15,109,0,
T15,110,0,
T15,111,0,
T15,112,0,
T15,113,0,
T15,114,0,
T15,115,0,
T15,116,0,
T15,117,0,
T15,118,0,
T15,119,0,
T15,120,0,
T15,121,0,
T15,122,0,
T15,123,0,
T15,124,0,
T15,125,0,
T15,126,0,
T15,127,0,
T15,128,0,
T15,129,0,
T15,130,0,
T15,131,0,
T15,132,0,
T15,133,0,
T15,134,0,
T15,135,0,
T15,136,0,
T15,137,0,
T15,138,0,
T15,139,0,
T15,140,0,
T15,141,0,
T15,142,0,
T15,143,0,
T15,144,0,
T15,145,0,
T15,146,0,
T15,147,0,
T15,148,0,
T15,149,0,
T15,150,0,
T15,151,0,
T15,152,0,
T15,153,0,
T15,154,0,
T15,155,0,
T15,156,0,
T15,157,0,
T15,158,0,
T15,159,0,
T15,160,0,
T15,161,0,
T15,162,0,
T15,163,0,
T15,164,0,
T15,165,0,
T15,166,0,
T15,167,0,
T15,168,0,
T15,169,0,
T15,170,0,
T15,171,0,
T15,172,0,
T15,173,0,
T15,174,0,
T15,175,0,
T15,176,0,
T15,177,0,
T15,178,0,
T15,179,0,
T15,180,0,
T15,181,0,
T15,182,0,
T15,183,0,
T15,184,0,
T15,185,0,
T15,186,0,
T15,187,0,
T15,188,0,
T15,189,0,
T15,190,0,
T15,191,0,
T15,192,0,
T15,193,0,
T15,194,0,
T15,195,0,
T15,196,0,
T15,197,0,
T15,198,0,
T15,199,0,
T15,200,0,
T15,201,0,
T15,202,0,
T15,203,0,
T15,204,0,
T15,205,0,
T15,206,0,
T15,207,0,
T15,208,0,
T15,209,0,
T15,210,0,
T15,211,0,
T15,212,0,
T15,213,0,
T15,214,0,
T15,215,0,
T15,216,0,
T15,217,0,
T15,218,0,
T15,219,0,
T15,220,0,
T15,221,0,
T15,222,0,
T15,223,0,
T15,224,0,
T15,225,0,
T15,226,0,
T15,227,0,
T15,228,0,
T15,229,0,
T15,230,0,
T15,231,0,
T15,232,0,
T15,233,0,
T15,234,0,
T15,235,0,
T15,236,0,
T15,237,0,
T15,238,0,
T15,239,0,
T15,240,0,
T15,241,0,
T15,242,0,
T15,243,0,
T15,244,0,
T15,245,0,
T15,246,0,
T15,247,0,
T15,248,0,
T15,249,0,
T15,250,0,
T15,251,0,
T15,252,0,
T15,253,0,
T15,254,0,
T15,255,0,
T15,256,0,
T15,257,0,
T15,258,0,
T15,259,0,
T15,260,0,
T15,261,0,
T15,262,0,
T15,263,0,
T15,264,0,
T15,265,0,
T15,266,0,
T15,267,0,
T15,268,0,
T15,269,0,
T15,270,0,
T15,271,0,
T15,272,0,
T15,273,0,
T15,274,0,
T15,275,0,
T15,276,0,
T15,277,0,
T15,278,0,
T15,279,0,
T15,280,0,
T15,281,0,
T15,282,0,
T15,283,0,
T15,284,0,
T15,285,0,
T15,286,0,
T15,287,0,
T15,288,0,
T15,289,0,
T15,290,0,
T15,291,0,
T15,292,0,
T15,293,0,
T15,294,0,
T15,295,0,
T15,296,0,
T15,297,0,
T15,298,0,
T15,299,0,
T15,300,0,
T15,301,0,
T15,302,0,
T15,303,0,
T15,304,0,
T15,305,0,
T15,306,0,
T15,307,0,
T15,308,0,
T15,309,0,
T15,310,0,
T15,311,0,
T15,312,0,
T15,313,0,
T15,314,0,
T15,315,0,
T15,316,0,
T15,317,0,
T15,318,0,
T15,319,0,
T15,320,0,
T15,321,0,
T15,322,0,
T15,323,0,
T15,324,0,
T15,325,0,
T15,326,0,
T15,327,0,
T15,328,0,
T15,329,0,
T15,330,0,
T15,331,0,
T15,332,0,
T15,333,0,
T15,334,0,
T15,335,0,
T15,336,0,
T15,337,0,
T15,338,0,
T15,339,0,
T15,340,0,
T15,341,0,
T15,342,0,
T15,343,0,
T15,344,0,
T15,345,0,
T15,346,0,
T15,347,0,
T15,348,0,
T15,349,0,
T15,350,0,
T15,351,0,
T15,352,0,
T15,353,0,
T15,354,0,
T15,355,0,
T15,356,0,
T15,357,0,
T15,358,0,
T15,359,0,
T16,0,0,
T16,1,0,
T16,2,0,
T16,3,0,
T16,4,0,
T16,5,0,
T16,6,0,
T16,7,0,
T16,8,0,
T16,9,0,
T16,10,0,
T16,11,0,
T16,12,0,
T16,13,0,
T16,14,0,
T16,15,0,
T16,16,0,
T16,17,0,
T16,18,0,
T16,19,0,
T16,20,0,
T16,21,0,
T16,22,0,
T16,23,0,
T16,24,0,
T16,25,0,
T16,26,0,
T16,27,0,
T16,28,0,
T16,29,0,
T16,30,0,
T16,31,0,
T16,32,0,
T16,33,0,
T16,34,0,
T16,35,0,
T16,36,0,
T16,37,0,
T16,38,0,
T16,39,0,
T16,40,0,
T16,41,0,
T16,42,0,
T16,43,0,
T16,44,0,
T16,45,0,
T16,46,0,
T16,47,0,
T16,48,0,
T16,49,0,
T16,50,0,
T16,51,0,
T16,52,0,
T16,53,0,
T16,54,0,
T16,55,0,
T16,56,0,
T16,57,0,
T16,58,0,
T16,59,0,
T16,60,0,
T16,61,0,
T16,62,0,
T16,63,0,
T16,64,0,
T16,65,0,
T16,66,0,
T16,67,0,
T16,68,0,
T16,69,0,
T16,70,0,
T16,71,0,
T16,72,0,
T16,73,0,
T16,74,0,
T16,75,0,
T16,76,0,
T16,77,0,
T16,78,0,
T16,79,0,
T16,80,0,
T16,81,0,
T16,82,0,
T16,83,0,
T16,84,0,
T16,85,0,
T16,86,0,
T16,87,0,
T16,88,0,
T16,89,0,
T16,90,0,
T16,91,0,
T16,92,0,
T16,93,0,
T16,94,0,
T16,95,0,
T16,96,0,
T16,97,0,
T16,98,0,
T16,99,0,
T16,100,0,
T16,101,0,
T16,102,0,
T16,103,0,
T16,104,0,
T16,105,0,
T16,106,0,
T16,107,0,
T16,108,0,
T16,109,0,
T16,110,0,
T16,111,0,
T16,112,0,
T16,113,0,
T16,114,0,
T16,115,0,
T16,116,0,
T16,117,0,
T16,118,0,
T16,119,0,
T16,120,0,
T16,121,0,
T16,122,0,
T16,123,0,
T16,124,0,
T16,125,0,
T16,126,0,
T16,127,0,
T16,128,0,
T16,129,0,
T16,130,0,
T16,131,0,
T16,132,0,
T16,133,0,
T16,134,0,
T16,135,0,
T16,136,0,
T16,137,0,
T16,138,0,
T16,139,0,
T16,140,0,
T16,141,0,
T16,142,0,
T16,143,0,
T16,144,0,
T16,145,0,
T16,146,0,
T16,147,0,
T16,148,0,
T16,149,0,
T16,150,0,
T16,151,0,
T16,152,0,
T16,153,0,
T16,154,0,
T16,155,0,
T16,156,0,
T16,157,0,
T16,158,0,
T16,159,0,
T16,160,0,
T16,161,0,
T16,162,0,
T16,163,0,
T16,164,0,
T16,165,0,
T16,166,0,
T16,167,0,
T16,168,0,
T16,169,0,
T16,170,0,
T16,171,0,
T16,172,0,
T16,173,0,
T16,174,0,
T16,175,0,
T16,176,0,
T16,177,0,
T16,178,0,
T16,179,0,
T16,180,0,
T16,181,0,
T16,182,0,
T16,183,0,
T16,184,0,
T16,185,0,
T16,186,0,
T16,187,0,
T16,188,0,
T16,189,0,
T16,190,0,
T16,191,0,
T16,192,0,
T16,193,0,
T16,194,0,
T16,195,0,
T16,196,0,
T16,197,0,
T16,198,0,
T16,199,0,
T16,200,0,
T16,201,0,
T16,202,0,
T16,203,0,
T16,204,0,
T16,205,0,
T16,206,0,
T16,207,0,
T16,208,0,
T16,209,0,
T16,210,0,
T16,211,0,
T16,212,0,
T16,213,0,
T16,214,0,
T16,215,0,
T16,216,0,
T16,217,0,
T16,218,0,
T16,219,0,
T16,220,0,
T16,221,0,
T16,222,0,
T16,223,0,
T16,224,0,
T16,225,0,
T16,226,0,
T16,227,0,
T16,228,0,
T16,229,0,
T16,230,0,
T16,231,0,
T16,232,0,
T16,233,0,
T16,234,0,
T16,235,0,
T16,236,0,
T16,237,0,
T16,238,0,
T16,239,0,
T16,240,0,
T16,241,0,
T16,242,0,
T16,243,0,
T16,244,0,
T16,245,0,
T16,246,0,
T16,247,0,
T16,248,0,
T16,249,0,
T16,250,0,
T16,251,0,
T16,252,0,
T16,253,0,
T16,254,0,
T16,255,0,
T16,256,0,
T16,257,0,
T16,258,0,
T16,259,0,
T16,260,0,
T16,261,0,
T16,262,0,
T16,263,0,
T16,264,0,
T16,265,0,
T16,266,0,
T16,267,0,
T16,268,0,
T16,269,0,
T16,270,0,
T16,271,0,
T16,272,0,
T16,273,0,
T16,274,0,
T16,275,0,
T16,276,0,
T16,277,0,
T16,278,0,
T16,279,0,
T16,280,0,
T16,281,0,
T16,282,0,
T16,283,0,
T16,284,0,
T16,285,0,
T16,286,0,
T16,287,0,
T16,288,0,
T16,289,0,
T16,290,0,
T16,291,0,
T16,292,0,
T16,293,0,
T16,294,0,
T16,295,0,
T16,296,0,
T16,297,0,
T16,298,0,
T16,299,0,
T16,300,0,
T16,301,0,
T16,302,0,
T16,303,0,
T16,304,0,
T16,305,0,
T16,306,0,
T16,307,0,
T16,308,0,
T16,309,0,
T16,310,0,
T16,311,0,
T16,312,0,
T16,313,0,
T16,314,0,
T16,315,0,
T16,316,0,
T16,317,0,
T16,318,0,
T16,319,0,
T16,320,0,
T16,321,0,
T16,322,0,
T16,323,0,
T16,324,0,
T16,325,0,
T16,326,0,
T16,327,0,
T16,328,0,
T16,329,0,
T16,330,0,
T16,331,0,
T16,332,0,
T16,333,0,
T16,334,0,
T16,335,0,
T16,336,0,
T16,337,0,
T16,338,0,
T16,339,0,
T16,340,0,
T16,341,0,
T16,342,0,
T16,343,0,
T16,344,0,
T16,345,0,
T16,346,0,
T16,347,0,
T16,348,0,
T16,349,0,
T16,350,0,
T16,351,0,
T16,352,0,
T16,353,0,
T16,354,0,
T16,355,0,
T16,356,0,
T16,357,0,
T16,358,0,
T16,359,0,
T17,0,0,
T17,1,0,
T17,2,0,
T17,3,0,
T17,4,0,
T17,5,0,
T17,6,0,
T17,7,0,
T17,8,0,
T17,9,0,
T17,10,0,
T17,11,0,
T17,12,0,
T17,13,0,
T17,14,0,
T17,15,0,
T17,16,0,
T17,17,0,
T17,18,0,
T17,19,0,
T17,20,0,
T17,21,0,
T17,22,0,
T17,23,0,
T17,24,0,
T17,25,0,
T17,26,0,
T17,27,0,
T17,28,0,
T17,29,0,
T17,30,0,
T17,31,0,
T17,32,0,
T17,33,0,
T17,34,0,
T17,35,0,
T17,36,0,
T17,37,0,
T17,38,0,
T17,39,0,
T17,40,0,
T17,41,0,
T17,42,0,
T17,43,0,
T17,44,0,
T17,45,0,
T17,46,0,
T17,47,0,
T17,48,0,
T17,49,0,
T17,50,0,
T17,51,0,
T17,52,0,
T17,53,0,
T17,54,0,
T17,55,0,
T17,56,0,
T17,57,0,
T17,58,0,
T17,59,0,
T17,60,0,
T17,61,0,
T17,62,0,
T17,63,0,
T17,64,0,
T17,65,0,
T17,66,0,
T17,67,0,
T17,68,0,
T17,69,0,
T17,70,0,
T17,71,0,
T17,72,0,
T17,73,0,
T17,74,0,
T17,75,0,
T17,76,0,
T17,77,0,
T17,78,0,
T17,79,0,
T17,80,0,
T17,81,0,
T17,82,0,
T17,83,0,
T17,84,0,
T17,85,0,
T17,86,0,
T17,87,0,
T17,88,0,
T17,89,0,
T17,90,0,
T17,91,0,
T17,92,0,
T17,93,0,
T17,94,0,
T17,95,0,
T17,96,0,
T17,97,0,
T17,98,0,
T17,99,0,
T17,100,0,
T17,101,0,
T17,102,0,
T17,103,0,
T17,104,0,
T17,105,0,
T17,106,0,
T17,107,0,
T17,108,0,
T17,109,0,
T17,110,0,
T17,111,0,
T17,112,0,
T17,113,0,
T17,114,0,
T17,115,0,
T17,116,0,
T17,117,0,
T17,118,0,
T17,119,0,
T17,120,0,
T17,121,0,
T17,122,0,
T17,123,0,
T17,124,0,
T17,125,0,
T17,126,0,
T17,127,0,
T17,128,0,
T17,129,0,
T17,130,0,
T17,131,0,
T17,132,0,
T17,133,0,
T17,134,0,
T17,135,0,
T17,136,0,
T17,137,0,
T17,138,0,
T17,139,0,
T17,140,0,
T17,141,0,
T17,142,0,
T17,143,0,
T17,144,0,
T17,145,0,
T17,146,0,
T17,147,0,
T17,148,0,
T17,149,0,
T17,150,0,
T17,151,0,
T17,152,0,
T17,153,0,
T17,154,0,
T17,155,0,
T17,156,0,
T17,157,0,
T17,158,0,
T17,159,0,
T17,160,0,
T17,161,0,
T17,162,0,
T17,163,0,
T17,164,0,
T17,165,0,
T17,166,0,
T17,167,0,
T17,168,0,
T17,169,0,
T17,170,0,
T17,171,0,
T17,172,0,
T17,173,0,
T17,174,0,
T17,175,0,
T17,176,0,
T17,177,0,
T17,178,0,
T17,179,0,
T17,180,0,
T17,181,0,
T17,182,0,
T17,183,0,
T17,184,0,
T17,185,0,
T17,186,0,
T17,187,0,
T17,188,0,
T17,189,0,
T17,190,0,
T17,191,0,
T17,192,0,
T17,193,0,
T17,194,0,
T17,195,0,
T17,196,0,
T17,197,0,
T17,198,0,
T17,199,0,
T17,200,0,
T17,201,0,
T17,202,0,
T17,203,0,
T17,204,0,
T17,205,0,
T17,206,0,
T17,207,0,
T17,208,0,
T17,209,0,
T17,210,0,
T17,211,0,
T17,212,0,
T17,213,0,
T17,214,0,
T17,215,0,
T17,216,0,
T17,217,0,
T17,218,0,
T17,219,0,
T17,220,0,
T17,221,0,
T17,222,0,
T17,223,0,
T17,224,0,
T17,225,0,
T17,226,0,
T17,227,0,
T17,228,0,
T17,229,0,
T17,230,0,
T17,231,0,
T17,232,0,
T17,233,0,
T17,234,0,
T17,235,0,
T17,236,0,
T17,237,0,
T17,238,0,
T17,239,0,
T17,240,0,
T17,241,0,
T17,242,0,
T17,243,0,
T17,244,0,
T17,245,0,
T17,246,0,
T17,247,0,
T17,248,0,
T17,249,0,
T17,250,0,
T17,251,0,
T17,252,0,
T17,253,0,
T17,254,0,
T17,255,0,
T17,256,0,
T17,257,0,
T17,258,0,
T17,259,0,
T17,260,0,
T17,261,0,
T17,262,0,
T17,263,0,
T17,264,0,
T17,265,0,
T17,266,0,
T17,267,0,
T17,268,0,
T17,269,0,
T17,270,0,
T17,271,0,
T17,272,0,
T17,273,0,
T17,274,0,
T17,275,0,
T17,276,0,
T17,277,0,
T17,278,0,
T17,279,0,
T17,280,0,
T17,281,0,
T17,282,0,
T17,283,0,
T17,284,0,
T17,285,0,
T17,286,0,
T17,287,0,
T17,288,0,
T17,289,0,
T17,290,0,
T17,291,0,
T17,292,0,
T17,293,0,
T17,294,0,
T17,295,0,
T17,296,0,
T17,297,0,
T17,298,0,
T17,299,0,
T17,300,0,
T17,301,0,
T17,302,0,
T17,303,0,
T17,304,0,
T17,305,0,
T17,306,0,
T17,307,0,
T17,308,0,
T17,309,0,
T17,310,0,
T17,311,0,
T17,312,0,
T17,313,0,
T17,314,0,
T17,315,0,
T17,316,0,
T17,317,0,
T17,318,0,
T17,319,0,
T17,320,0,
T17,321,0,
T17,322,0,
T17,323,0,
T17,324,0,
T17,325,0,
T17,326,0,
T17,327,0,
T17,328,0,
T17,329,0,
T17,330,0,
T17,331,0,
T17,332,0,
T17,333,0,
T17,334,0,
T17,335,0,
T17,336,0,
T17,337,0,
T17,338,0,
T17,339,0,
T17,340,0,
T17,341,0,
T17,342,0,
T17,343,0,
T17,344,0,
T17,345,0,
T17,346,0,
T17,347,0,
T17,348,0,
T17,349,0,
T17,350,0,
T17,351,0,
T17,352,0,
T17,353,0,
T17,354,0,
T17,355,0,
T17,356,0,
T17,357,0,
T17,358,0,
T17,359,0,
T18,0,0,
T18,1,0,
T18,2,0,
T18,3,0,
T18,4,0,
T18,5,0,
T18,6,0,
T18,7,0,
T18,8,0,
T18,9,0,
T18,10,0,
T18,11,0,
T18,12,0,
T18,13,0,
T18,14,0,
T18,15,0,
T18,16,0,
T18,17,0,
T18,18,0,
T18,19,0,
T18,20,0,
T18,21,0,
T18,22,0,
T18,23,0,
T18,24,0,
T18,25,0,
T18,26,0,
T18,27,0,
T18,28,0,
T18,29,0,
T18,30,0,
T18,31,0,
T18,32,0,
T18,33,0,
T18,34,0,
T18,35,0,
T18,36,0,
T18,37,0,
T18,38,0,
T18,39,0,
T18,40,0,
T18,41,0,
T18,42,0,
T18,43,0,
T18,44,0,
T18,45,0,
T18,46,0,
T18,47,0,
T18,48,0,
T18,49,0,
T18,50,0,
T18,51,0,
T18,52,0,
T18,53,0,
T18,54,0,
T18,55,0,
T18,56,0,
T18,57,0,
T18,58,0,
T18,59,0,
T18,60,0,
T18,61,0,
T18,62,0,
T18,63,0,
T18,64,0,
T18,65,0,
T18,66,0,
T18,67,0,
T18,68,0,
T18,69,0,
T18,70,0,
T18,71,0,
T18,72,0,
T18,73,0,
T18,74,0,
T18,75,0,
T18,76,0,
T18,77,0,
T18,78,0,
T18,79,0,
T18,80,0,
T18,81,0,
T18,82,0,
T18,83,0,
T18,84,0,
T18,85,0,
T18,86,0,
T18,87,0,
T18,88,0,
T18,89,0,
T18,90,0,
T18,91,0,
T18,92,0,
T18,93,0,
T18,94,0,
T18,95,0,
T18,96,0,
T18,97,0,
T18,98,0,
T18,99,0,
T18,100,0,
T18,101,0,
T18,102,0,
T18,103,0,
T18,104,0,
T18,105,0,
T18,106,0,
T18,107,0,
T18,108,0,
T18,109,0,
T18,110,0,
T18,111,0,
T18,112,0,
T18,113,0,
T18,114,0,
T18,115,0,
T18,116,0,
T18,117,0,
T18,118,0,
T18,119,0,
T18,120,0,
T18,121,0,
T18,122,0,
T18,123,0,
T18,124,0,
T18,125,0,
T18,126,0,
T18,127,0,
T18,128,0,
T18,129,0,
T18,130,0,
T18,131,0,
T18,132,0,
T18,133,0,
T18,134,0,
T18,135,0,
T18,136,0,
T18,137,0,
T18,138,0,
T18,139,0,
T18,140,0,
T18,141,0,
T18,142,0,
T18,143,0,
T18,144,0,
T18,145,0,
T18,146,0,
T18,147,0,
T18,148,0,
T18,149,0,
T18,150,0,
T18,151,0,
T18,152,0,
T18,153,0,
T18,154,0,
T18,155,0,
T18,156,0,
T18,157,0,
T18,158,0,
T18,159,0,
T18,160,0,
T18,161,0,
T18,162,0,
T18,163,0,
T18,164,0,
T18,165,0,
T18,166,0,
T18,167,0,
T18,168,0,
T18,169,0,
T18,170,0,
T18,171,0,
T18,172,0,
T18,173,0,
T18,174,0,
T18,175,0,
T18,176,0,
T18,177,0,
T18,178,0,
T18,179,0,
T18,180,0,
T18,181,0,
T18,182,0,
T18,183,0,
T18,184,0,
T18,185,0,
T18,186,0,
T18,187,0,
T18,188,0,
T18,189,0,
T18,190,0,
T18,191,0,
T18,192,0,
T18,193,0,
T18,194,0,
T18,195,0,
T18,196,0,
T18,197,0,
T18,198,0,
T18,199,0,
T18,200,0,
T18,201,0,
T18,202,0,
T18,203,0,
T18,204,0,
T18,205,0,
T18,206,0,
T18,207,0,
T18,208,0,
T18,209,0,
T18,210,0,
T18,211,0,
T18,212,0,
T18,213,0,
T18,214,0,
T18,215,0,
T18,216,0,
T18,217,0,
T18,218,0,
T18,219,0,
T18,220,0,
T18,221,0,
T18,222,0,
T18,223,0,
T18,224,0,
T18,225,0,
T18,226,0,
T18,227,0,
T18,228,0,
T18,229,0,
T18,230,0,
T18,231,0,
T18,232,0,
T18,233,0,
T18,234,0,
T18,235,0,
T18,236,0,
T18,237,0,
T18,238,0,
T18,239,0,
T18,240,0,
T18,241,0,
T18,242,0,
T18,243,0,
T18,244,0,
T18,245,0,
T18,246,0,
T18,247,0,
T18,248,0,
T18,249,0,
T18,250,0,
T18,251,0,
T18,252,0,
T18,253,0,
T18,254,0,
T18,255,0,
T18,256,0,
T18,257,0,
T18,258,0,
T18,259,0,
T18,260,0,
T18,261,0,
T18,262,0,
T18,263,0,
T18,264,0,
T18,265,0,
T18,266,0,
T18,267,0,
T18,268,0,
T18,269,0,
T18,270,0,
T18,271,0,
T18,272,0,
T18,273,0,
T18,274,0,
T18,275,0,
T18,276,0,
T18,277,0,
T18,278,0,
T18,279,0,
T18,280,0,
T18,281,0,
T18,282,0,
T18,283,0,
T18,284,0,
T18,285,0,
T18,286,0,
T18,287,0,
T18,288,0,
T18,289,0,
T18,290,0,
T18,291,0,
T18,292,0,
T18,293,0,
T18,294,0,
T18,295,0,
T18,296,0,
T18,297,0,
T18,298,0,
T18,299,0,
T18,300,0,
T18,301,0,
T18,302,0,
T18,303,0,
T18,304,0,
T18,305,0,
T18,306,0,
T18,307,0,
T18,308,0,
T18,309,0,
T18,310,0,
T18,311,0,
T18,312,0,
T18,313,0,
T18,314,0,
T18,315,0,
T18,316,0,
T18,317,0,
T18,318,0,
T18,319,0,
T18,320,0,
T18,321,0,
T18,322,0,
T18,323,0,
T18,324,0,
T18,325,0,
T18,326,0,
T18,327,0,
T18,328,0,
T18,329,0,
T18,330,0,
T18,331,0,
T18,332,0,
T18,333,0,
T18,334,0,
T18,335,0,
T18,336,0,
T18,337,0,
T18,338,0,
T18,339,0,
T18,340,0,
T18,341,0,
T18,342,0,
T18,343,0,
T18,344,0,
T18,345,0,
T18,346,0,
T18,347,0,
T18,348,0,
T18,349,0,
T18,350,0,
T18,351,0,
T18,352,0,
T18,353,0,
T18,354,0,
T18,355,0,
T18,356,0,
T18,357,0,
T18,358,0,
T18,359,0,
T19,0,0,
T19,1,0,
T19,2,0,
T19,3,0,
T19,4,0,
T19,5,0,
T19,6,0,
T19,7,0,
T19,8,0,
T19,9,0,
T19,10,0,
T19,11,0,
T19,12,0,
T19,13,0,
T19,14,0,
T19,15,0,
T19,16,0,
T19,17,0,
T19,18,0,
T19,19,0,
T19,20,0,
T19,21,0,
T19,22,0,
T19,23,0,
T19,24,0,
T19,25,0,
T19,26,0,
T19,27,0,
T19,28,0,
T19,29,0,
T19,30,0,
T19,31,0,
T19,32,0,
T19,33,0,
T19,34,0,
T19,35,0,
T19,36,0,
T19,37,0,
T19,38,0,
T19,39,0,
T19,40,0,
T19,41,0,
T19,42,0,
T19,43,0,
T19,44,0,
T19,45,0,
T19,46,0,
T19,47,0,
T19,48,0,
T19,49,0,
T19,50,0,
T19,51,0,
T19,52,0,
T19,53,0,
T19,54,0,
T19,55,0,
T19,56,0,
T19,57,0,
T19,58,0,
T19,59,0,
T19,60,0,
T19,61,0,
T19,62,0,
T19,63,0,
T19,64,0,
T19,65,0,
T19,66,0,
T19,67,0,
T19,68,0,
T19,69,0,
T19,70,0,
T19,71,0,
T19,72,0,
T19,73,0,
T19,74,0,
T19,75,0,
T19,76,0,
T19,77,0,
T19,78,0,
T19,79,0,
T19,80,0,
T19,81,0,
T19,82,0,
T19,83,0,
T19,84,0,
T19,85,0,
T19,86,0,
T19,87,0,
T19,88,0,
T19,89,0,
T19,90,0,
T19,91,0,
T19,92,0,
T19,93,0,
T19,94,0,
T19,95,0,
T19,96,0,
T19,97,0,
T19,98,0,
T19,99,0,
T19,100,0,
T19,101,0,
T19,102,0,
T19,103,0,
T19,104,0,
T19,105,0,
T19,106,0,
T19,107,0,
T19,108,0,
T19,109,0,
T19,110,0,
T19,111,0,
T19,112,0,
T19,113,0,
T19,114,0,
T19,115,0,
T19,116,0,
T19,117,0,
T19,118,0,
T19,119,0,
T19,120,0,
T19,121,0,
T19,122,0,
T19,123,0,
T19,124,0,
T19,125,0,
T19,126,0,
T19,127,0,
T19,128,0,
T19,129,0,
T19,130,0,
T19,131,0,
T19,132,0,
T19,133,0,
T19,134,0,
T19,135,0,
T19,136,0,
T19,137,0,
T19,138,0,
T19,139,0,
T19,140,0,
T19,141,0,
T19,142,0,
T19,143,0,
T19,144,0,
T19,145,0,
T19,146,0,
T19,147,0,
T19,148,0,
T19,149,0,
T19,150,0,
T19,151,0,
T19,152,0,
T19,153,0,
T19,154,0,
T19,155,0,
T19,156,0,
T19,157,0,
T19,158,0,
T19,159,0,
T19,160,0,
T19,161,0,
T19,162,0,
T19,163,0,
T19,164,0,
T19,165,0,
T19,166,0,
T19,167,0,
T19,168,0,
T19,169,0,
T19,170,0,
T19,171,0,
T19,172,0,
T19,173,0,
T19,174,0,
T19,175,0,
T19,176,0,
T19,177,0,
T19,178,0,
T19,179,0,
T19,180,0,
T19,181,0,
T19,182,0,
T19,183,0,
T19,184,0,
T19,185,0,
T19,186,0,
T19,187,0,
T19,188,0,
T19,189,0,
T19,190,0,
T19,191,0,
T19,192,0,
T19,193,0,
T19,194,0,
T19,195,0,
T19,196,0,
T19,197,0,
T19,198,0,
T19,199,0,
T19,200,0,
T19,201,0,
T19,202,0,
T19,203,0,
T19,204,0,
T19,205,0,
T19,206,0,
T19,207,0,
T19,208,0,
T19,209,0,
T19,210,0,
T19,211,0,
T19,212,0,
T19,213,0,
T19,214,0,
T19,215,0,
T19,216,0,
T19,217,0,
T19,218,0,
T19,219,0,
T19,220,0,
T19,221,0,
T19,222,0,
T19,223,0,
T19,224,0,
T19,225,0,
T19,226,0,
T19,227,0,
T19,228,0,
T19,229,0,
T19,230,0,
T19,231,0,
T19,232,0,
T19,233,0,
T19,234,0,
T19,235,0,
T19,236,0,
T19,237,0,
T19,238,0,
T19,239,0,
T19,240,0,
T19,241,0,
T19,242,0,
T19,243,0,
T19,244,0,
T19,245,0,
T19,246,0,
T19,247,0,
T19,248,0,
T19,249,0,
T19,250,0,
T19,251,0,
T19,252,0,
T19,253,0,
T19,254,0,
T19,255,0,
T19,256,0,
T19,257,0,
T19,258,0,
T19,259,0,
T19,260,0,
T19,261,0,
T19,262,0,
T19,263,0,
T19,264,0,
T19,265,0,
T19,266,0,
T19,267,0,
T19,268,0,
T19,269,0,
T19,270,0,
T19,271,0,
T19,272,0,
T19,273,0,
T19,274,0,
T19,275,0,
T19,276,0,
T19,277,0,
T19,278,0,
T19,279,0,
T19,280,0,
T19,281,0,
T19,282,0,
T19,283,0,
T19,284,0,
T19,285,0,
T19,286,0,
T19,287,0,
T19,288,0,
T19,289,0,
T19,290,0,
T19,291,0,
T19,292,0,
T19,293,0,
T19,294,0,
T19,295,0,
T19,296,0,
T19,297,0,
T19,298,0,
T19,299,0,
T19,300,0,
T19,301,0,
T19,302,0,
T19,303,0,
T19,304,0,
T19,305,0,
T19,306,0,
T19,307,0,
T19,308,0,
T19,309,0,
T19,310,0,
T19,311,0,
T19,312,0,
T19,313,0,
T19,314,0,
T19,315,0,
T19,316,0,
T19,317,0,
T19,318,0,
T19,319,0,
T19,320,0,
T19,321,0,
T19,322,0,
T19,323,0,
T19,324,0,
T19,325,0,
T19,326,0,
T19,327,0,
T19,328,0,
T19,329,0,
T19,330,0,
T19,331,0,
T19,332,0,
T19,333,0,
T19,334,0,
T19,335,0,
T19,336,0,
T19,337,0,
T19,338,0,
T19,339,0,
T19,340,0,
T19,341,0,
T19,342,0,
T19,343,0,
T19,344,0,
T19,345,0,
T19,346,0,
T19,347,0,
T19,348,0,
T19,349,0,
T19,350,0,
T19,351,0,
T19,352,0,
T19,353,0,
T19,354,0,
T19,355,0,
T19,356,0,
T19,357,0,
T19,358,0,
T19,359,0,
T20,0,0,
T20,1,0,
T20,2,0,
T20,3,0,
T20,4,0,
T20,5,0,
T20,6,0,
T20,7,0,
T20,8,0,
T20,9,0,
T20,10,0,
T20,11,0,
T20,12,0,
T20,13,0,
T20,14,0,
T20,15,0,
T20,16,0,
T20,17,0,
T20,18,0,
T20,19,0,
T20,20,0,
T20,21,0,
T20,22,0,
T20,23,0,
T20,24,0,
T20,25,0,
T20,26,0,
T20,27,0,
T20,28,0,
T20,29,0,
T20,30,0,
T20,31,0,
T20,32,0,
T20,33,0,
T20,34,0,
T20,35,0,
T20,36,0,
T20,37,0,
T20,38,0,
T20,39,0,
T20,40,0,
T20,41,0,
T20,42,0,
T20,43,0,
T20,44,0,
T20,45,0,
T20,46,0,
T20,47,0,
T20,48,0,
T20,49,0,
T20,50,0,
T20,51,0,
T20,52,0,
T20,53,0,
T20,54,0,
T20,55,0,
T20,56,0,
T20,57,0,
T20,58,0,
T20,59,0,
T20,60,0,
T20,61,0,
T20,62,0,
T20,63,0,
T20,64,0,
T20,65,0,
T20,66,0,
T20,67,0,
T20,68,0,
T20,69,0,
T20,70,0,
T20,71,0,
T20,72,0,
T20,73,0,
T20,74,0,
T20,75,0,
T20,76,0,
T20,77,0,
T20,78,0,
T20,79,0,
T20,80,0,
T20,81,0,
T20,82,0,
T20,83,0,
T20,84,0,
T20,85,0,
T20,86,0,
T20,87,0,
T20,88,0,
T20,89,0,
T20,90,0,
T20,91,0,
T20,92,0,
T20,93,0,
T20,94,0,
T20,95,0,
T20,96,0,
T20,97,0,
T20,98,0,
T20,99,0,
T20,100,0,
T20,101,0,
T20,102,0,
T20,103,0,
T20,104,0,
T20,105,0,
T20,106,0,
T20,107,0,
T20,108,0,
T20,109,0,
T20,110,0,
T20,111,0,
T20,112,0,
T20,113,0,
T20,114,0,
T20,115,0,
T20,116,0,
T20,117,0,
T20,118,0,
T20,119,0,
T20,120,0,
T20,121,0,
T20,122,0,
T20,123,0,
T20,124,0,
T20,125,0,
T20,126,0,
T20,127,0,
T20,128,0,
T20,129,0,
T20,130,0,
T20,131,0,
T20,132,0,
T20,133,0,
T20,134,0,
T20,135,0,
T20,136,0,
T20,137,0,
T20,138,0,
T20,139,0,
T20,140,0,
T20,141,0,
T20,142,0,
T20,143,0,
T20,144,0,
T20,145,0,
T20,146,0,
T20,147,0,
T20,148,0,
T20,149,0,
T20,150,0,
T20,151,0,
T20,152,0,
T20,153,0,
T20,154,0,
T20,155,0,
T20,156,0,
T20,157,0,
T20,158,0,
T20,159,0,
T20,160,0,
T20,161,0,
T20,162,0,
T20,163,0,
T20,164,0,
T20,165,0,
T20,166,0,
T20,167,0,
T20,168,0,
T20,169,0,
T20,170,0,
T20,171,0,
T20,172,0,
T20,173,0,
T20,174,0,
T20,175,0,
T20,176,0,
T20,177,0,
T20,178,0,
T20,179,0,
T20,180,0,
T20,181,0,
T20,182,0,
T20,183,0,
T20,184,0,
T20,185,0,
T20,186,0,
T20,187,0,
T20,188,0,
T20,189,0,
T20,190,0,
T20,191,0,
T20,192,0,
T20,193,0,
T20,194,0,
T20,195,0,
T20,196,0,
T20,197,0,
T20,198,0,
T20,199,0,
T20,200,0,
T20,201,0,
T20,202,0,
T20,203,0,
T20,204,0,
T20,205,0,
T20,206,0,
T20,207,0,
T20,208,0,
T20,209,0,
T20,210,0,
T20,211,0,
T20,212,0,
T20,213,0,
T20,214,0,
T20,215,0,
T20,216,0,
T20,217,0,
T20,218,0,
T20,219,0,
T20,220,0,
T20,221,0,
T20,222,0,
T20,223,0,
T20,224,0,
T20,225,0,
T20,226,0,
T20,227,0,
T20,228,0,
T20,229,0,
T20,230,0,
T20,231,0,
T20,232,0,
T20,233,0,
T20,234,0,
T20,235,0,
T20,236,0,
T20,237,0,
T20,238,0,
T20,239,0,
T20,240,0,
T20,241,0,
T20,242,0,
T20,243,0,
T20,244,0,
T20,245,0,
T20,246,0,
T20,247,0,
T20,248,0,
T20,249,0,
T20,250,0,
T20,251,0,
T20,252,0,
T20,253,0,
T20,254,0,
T20,255,0,
T20,256,0,
T20,257,0,
T20,258,0,
T20,259,0,
T20,260,0,
T20,261,0,
T20,262,0,
T20,263,0,
T20,264,0,
T20,265,0,
T20,266,0,
T20,267,0,
T20,268,0,
T20,269,0,
T20,270,0,
T20,271,0,
T20,272,0,
T20,273,0,
T20,274,0,
T20,275,0,
T20,276,0,
T20,277,0,
T20,278,0,
T20,279,0,
T20,280,0,
T20,281,0,
T20,282,0,
T20,283,0,
T20,284,0,
T20,285,0,
T20,286,0,
T20,287,0,
T20,288,0,
T20,289,0,
T20,290,0,
T20,291,0,
T20,292,0,
T20,293,0,
T20,294,0,
T20,295,0,
T20,296,0,
T20,297,0,
T20,298,0,
T20,299,0,
T20,300,0,
T20,301,0,
T20,302,0,
T20,303,0,
T20,304,0,
T20,305,0,
T20,306,0,
T20,307,0,
T20,308,0,
T20,309,0,
T20,310,0,
T20,311,0,
T20,312,0,
T20,313,0,
T20,314,0,
T20,315,0,
T20,316,0,
T20,317,0,
T20,318,0,
T20,319,0,
T20,320,0,
T20,321,0,
T20,322,0,
T20,323,0,
T20,324,0,
T20,325,0,
T20,326,0,
T20,327,0,
T20,328,0,
T20,329,0,
T20,330,0,
T20,331,0,
T20,332,0,
T20,333,0,
T20,334,0,
T20,335,0,
T20,336,0,
T20,337,0,
T20,338,0,
T20,339,0,
T20,340,0,
T20,341,0,
T20,342,0,
T20,343,0,
T20,344,0,
T20,345,0,
T20,346,0,
T20,347,0,
T20,348,0,
T20,349,0,
T20,350,0,
T20,351,0,
T20,352,0,
T20,353,0,
T20,354,0,
T20,355,0,
T20,356,0,
T20,357,0,
T20,358,0,
T20,359,0,
T21,0,0,
T21,1,0,
T21,2,0,
T21,3,0,
T21,4,0,
T21,5,0,
T21,6,0,
T21,7,0,
T21,8,0,
T21,9,0,
T21,10,0,
T21,11,0,
T21,12,0,
T21,13,0,
T21,14,0,
T21,15,0,
T21,16,0,
T21,17,0,
T21,18,0,
T21,19,0,
T21,20,0,
T21,21,0,
T21,22,0,
T21,23,0,
T21,24,0,
T21,25,0,
T21,26,0,
T21,27,0,
T21,28,0,
T21,29,0,
T21,30,0,
T21,31,0,
T21,32,0,
T21,33,0,
T21,34,0,
T21,35,0,
T21,36,0,
T21,37,0,
T21,38,0,
T21,39,0,
T21,40,0,
T21,41,0,
T21,42,0,
T21,43,0,
T21,44,0,
T21,45,0,
T21,46,0,
T21,47,0,
T21,48,0,
T21,49,0,
T21,50,0,
T21,51,0,
T21,52,0,
T21,53,0,
T21,54,0,
T21,55,0,
T21,56,0,
T21,57,0,
T21,58,0,
T21,59,-4.0625,T19
T21,60,-6.25,T19
T21,61,-6.25,T19
T21,62,-8.4375,T19
T21,63,-10.625,T19
T21,64,-11.71875,T19
T21,65,-15,T19
T21,66,-15,T19
T21,67,-15,T19
T21,68,-15,T19
T21,69,-15,T19
T21,70,-15,T19
T21,71,-15,T19
T21,72,-15,T19
T21,73,20,T19
T21,74,20,T19
T21,75,20,T19
T21,76,20,T19
T21,77,20,T19
T21,78,18.90625,T19
T21,79,16.71875,T19
T21,80,15.625,T19
T21,81,13.4375,T19
T21,82,11.25,T19
T21,83,9.0625,T19
T21,84,6.875,T19
T21,85,4.6875,T19
T21,86,2.5,T19
T21,87,2.5,T19
T21,88,2.5,T19
T21,89,0,
T21,90,0,
T21,91,0,
T21,92,0,
T21,93,0,
T21,94,0,
T21,95,0,
T21,96,0,
T21,97,0,
T21,98,0,
T21,99,0,
T21,100,0,
T21,101,0,
T21,102,0,
T21,103,0,
T21,104,0,
T21,105,0,
T21,106,0,
T21,107,0,
T21,108,0,
T21,109,0,
T21,110,0,
T21,111,0,
T21,112,0,
T21,113,0,
T21,114,0,
T21,115,0,
T21,116,0,
T21,117,0,
T21,118,0,
T21,119,0,
T21,120,0,
T21,121,0,
T21,122,0,
T21,123,0,
T21,124,0,
T21,125,0,
T21,126,0,
T21,127,0,
T21,128,0,
T21,129,0,
T21,130,0,
T21,131,0,
T21,132,0,
T21,133,0,
T21,134,0,
T21,135,0,
T21,136,0,
T21,137,0,
T21,138,0,
T21,139,0,
T21,140,0,
T21,141,0,
T21,142,0,
T21,143,0,
T21,144,0,
T21,145,0,
T21,146,0,
T21,147,0,
T21,148,0,
T21,149,0,
T21,150,0,
T21,151,0,
T21,152,0,
T21,153,0,
T21,154,0,
T21,155,0,
T21,156,0,
T21,157,0,
T21,158,0,
T21,159,0,
T21,160,0,
T21,161,0,
T21,162,0,
T21,163,0,
T21,164,0,
T21,165,0,
T21,166,0,
T21,167,0,
T21,168,0,
T21,169,0,
T21,170,0,
T21,171,0,
T21,172,0,
T21,173,0,
T21,174,0,
T21,175,0,
T21,176,0,
T21,177,0,
T21,178,0,
T21,179,0,
T21,180,0,
T21,181,0,
T21,182,0,
T21,183,0,
T21,184,0,
T21,185,0,
T21,186,0,
T21,187,0,
T21,188,0,
T21,189,0,
T21,190,0,
T21,191,0,
T21,192,0,
T21,193,0,
T21,194,0,
T21,195,0,
T21,196,0,
T21,197,0,
T21,198,0,
T21,199,0,
T21,200,0,
T21,201,0,
T21,202,0,
T21,203,0,
T21,204,0,
T21,205,0,
T21,206,0,
T21,207,0,
T21,208,0,
T21,209,0,
T21,210,0,
T21,211,0,
T21,212,0,
T21,213,0,
T21,214,0,
T21,215,0,
T21,216,0,
T21,217,0,
T21,218,0,
T21,219,0,
T21,220,0,
T21,221,0,
T21,222,0,
T21,223,0,
T21,224,0,
T21,225,0,
T21,226,0,
T21,227,0,
T21,228,0,
T21,229,0,
T21,230,0,
T21,231,0,
T21,232,0,
T21,233,0,
T21,234,0,
T21,235,0,
T21,236,0,
T21,237,0,
T21,238,0,
T21,239,0,
T21,240,0,
T21,241,0,
T21,242,0,
T21,243,0,
T21,244,0,
T21,245,0,
T21,246,0,
T21,247,0,
T21,248,0,
T21,249,0,
T21,250,0,
T21,251,0,
T21,252,0,
T21,253,0,
T21,254,0,
T21,255,0,
T21,256,0,
T21,257,0,
T21,258,0,
T21,259,0,
T21,260,0,
T21,261,0,
T21,262,0,
T21,263,0,
T21,264,0,
T21,265,0,
T21,266,0,
T21,267,0,
T21,268,0,
T21,269,0,
T21,270,0,
T21,271,0,
T21,272,0,
T21,273,0,
T21,274,0,
T21,275,0,
T21,276,0,
T21,277,0,
T21,278,0,
T21,279,0,
T21,280,0,
T21,281,0,
T21,282,0,
T21,283,0,
T21,284,0,
T21,285,0,
T21,286,0,
T21,287,0,
T21,288,0,
T21,289,0,
T21,290,0,
T21,291,0,
T21,292,0,
T21,293,0,
T21,294,0,
T21,295,0,
T21,296,0,
T21,297,0,
T21,298,0,
T21,299,0,
T21,300,0,
T21,301,0,
T21,302,0,
T21,303,0,
T21,304,0,
T21,305,0,
T21,306,0,
T21,307,0,
T21,308,0,
T21,309,0,
T21,310,0,
T21,311,0,
T21,312,0,
T21,313,0,
T21,314,0,
T21,315,0,
T21,316,0,
T21,317,0,
T21,318,0,
T21,319,0,
T21,320,0,
T21,321,0,
T21,322,0,
T21,323,0,
T21,324,0,
T21,325,0,
T21,326,0,
T21,327,0,
T21,328,0,
T21,329,0,
T21,330,0,
T21,331,0,
T21,332,0,
T21,333,0,
T21,334,0,
T21,335,0,
T21,336,0,
T21,337,0,
T21,338,0,
T21,339,0,
T21,340,0,
T21,341,0,
T21,342,0,
T21,343,0,
T21,344,0,
T21,345,0,
T21,346,0,
T21,347,0,
T21,348,0,
T21,349,0,
T21,350,0,
T21,351,0,
T21,352,0,
T21,353,0,
T21,354,0,
T21,355,0,
T21,356,0,
T21,357,0,
T21,358,0,
T21,359,0,
